,Date,Close,FlagCloseDaily_expected,FlagCloseWeekly_expected,FlagCloseMonthly_expected,MM20Daily_expected,MM20Weekly_expected,MM10Monthly_expected
0,2017-01-03,203.7880,TRUE,FALSE,FALSE,,,
1,2017-01-04,205.0004,TRUE,FALSE,FALSE,,,
2,2017-01-05,204.8376,TRUE,FALSE,FALSE,,,
3,2017-01-06,205.5704,TRUE,TRUE,FALSE,,,
4,2017-01-09,204.8918,TRUE,FALSE,FALSE,,,
5,2017-01-10,204.8918,TRUE,FALSE,FALSE,,,
6,2017-01-11,205.4709,TRUE,FALSE,FALSE,,,
7,2017-01-12,204.9552,TRUE,FALSE,FALSE,,,
8,2017-01-13,205.4257,TRUE,TRUE,FALSE,,,
9,2017-01-17,204.7019,TRUE,FALSE,FALSE,,,
10,2017-01-18,205.1542,TRUE,FALSE,FALSE,,,
11,2017-01-19,204.3942,TRUE,FALSE,FALSE,,,
12,2017-01-20,205.1452,TRUE,TRUE,FALSE,,,
13,2017-01-23,204.6114,TRUE,FALSE,FALSE,,,
14,2017-01-24,205.9233,TRUE,FALSE,FALSE,,,
15,2017-01-25,207.7056,TRUE,FALSE,FALSE,,,
16,2017-01-26,207.4885,TRUE,FALSE,FALSE,,,
17,2017-01-27,207.1628,TRUE,TRUE,FALSE,,,
18,2017-01-30,205.8781,TRUE,FALSE,FALSE,,,
19,2017-01-31,205.8599,TRUE,FALSE,TRUE,205.4428,,
20,2017-02-01,205.9414,TRUE,FALSE,FALSE,205.5505,,
21,2017-02-02,206.0771,TRUE,FALSE,FALSE,205.6043,,
22,2017-02-03,207.4976,TRUE,TRUE,FALSE,205.7373,,
23,2017-02-06,207.1266,TRUE,FALSE,FALSE,205.8152,,
24,2017-02-07,207.1357,TRUE,FALSE,FALSE,205.9273,,
25,2017-02-08,207.4071,TRUE,FALSE,FALSE,206.0531,,
26,2017-02-09,208.6376,TRUE,FALSE,FALSE,206.2114,,
27,2017-02-10,209.4609,TRUE,TRUE,FALSE,206.4367,,
28,2017-02-13,210.6009,TRUE,FALSE,FALSE,206.6955,,
29,2017-02-14,211.4423,TRUE,FALSE,FALSE,207.0325,,
30,2017-02-15,212.5461,TRUE,FALSE,FALSE,207.4021,,
31,2017-02-16,212.3651,TRUE,FALSE,FALSE,207.8007,,
32,2017-02-17,212.6999,TRUE,TRUE,FALSE,208.1784,,
33,2017-02-21,213.9666,TRUE,FALSE,FALSE,208.6461,,
34,2017-02-22,213.7766,TRUE,FALSE,FALSE,209.0388,,
35,2017-02-23,213.9214,TRUE,FALSE,FALSE,209.3496,,
36,2017-02-24,214.1928,TRUE,TRUE,FALSE,209.6848,,
37,2017-02-27,214.5276,TRUE,FALSE,FALSE,210.0531,,
38,2017-02-28,213.9485,TRUE,FALSE,TRUE,210.4566,,
39,2017-03-01,216.9432,TRUE,FALSE,FALSE,211.0107,,
40,2017-03-02,215.5771,TRUE,FALSE,FALSE,211.4925,,
41,2017-03-03,215.7128,TRUE,TRUE,FALSE,211.9743,,
42,2017-03-06,215.0704,TRUE,FALSE,FALSE,212.3529,,
43,2017-03-07,214.4280,TRUE,FALSE,FALSE,212.7180,,
44,2017-03-08,214.0299,TRUE,FALSE,FALSE,213.0627,,
45,2017-03-09,214.3014,TRUE,FALSE,FALSE,213.4074,,
46,2017-03-10,215.0523,TRUE,TRUE,FALSE,213.7282,,
47,2017-03-13,215.1609,TRUE,FALSE,FALSE,214.0132,,
48,2017-03-14,214.3376,TRUE,FALSE,FALSE,214.2000,,
49,2017-03-15,216.1923,TRUE,FALSE,FALSE,214.4375,,
50,2017-03-16,215.7670,TRUE,FALSE,FALSE,214.5986,,
51,2017-03-17,215.3881,TRUE,TRUE,FALSE,214.7497,,
52,2017-03-20,215.1519,TRUE,FALSE,FALSE,214.8723,,
53,2017-03-21,212.3894,TRUE,FALSE,FALSE,214.7935,,
54,2017-03-22,212.8892,TRUE,FALSE,FALSE,214.7491,,
55,2017-03-23,212.6620,TRUE,FALSE,FALSE,214.6861,,
56,2017-03-24,212.5076,TRUE,TRUE,FALSE,214.6019,,
57,2017-03-27,212.2895,TRUE,FALSE,FALSE,214.4900,,
58,2017-03-28,213.8343,TRUE,FALSE,FALSE,214.4842,,
59,2017-03-29,214.0341,TRUE,FALSE,FALSE,214.3388,,
60,2017-03-30,214.7157,TRUE,FALSE,FALSE,214.2957,,
61,2017-03-31,214.2159,TRUE,TRUE,TRUE,214.2209,,
62,2017-04-03,213.8433,TRUE,FALSE,FALSE,214.1595,,
63,2017-04-04,213.9796,TRUE,FALSE,FALSE,214.1371,,
64,2017-04-05,213.3436,TRUE,FALSE,FALSE,214.1028,,
65,2017-04-06,213.9433,TRUE,FALSE,FALSE,214.0849,,
66,2017-04-07,213.7252,TRUE,TRUE,FALSE,214.0185,,
67,2017-04-10,213.8524,TRUE,FALSE,FALSE,213.9531,,
68,2017-04-11,213.5980,TRUE,FALSE,FALSE,213.9161,,
69,2017-04-12,212.6620,TRUE,FALSE,FALSE,213.7396,,
70,2017-04-13,211.2808,TRUE,TRUE,FALSE,213.5153,,
71,2017-04-17,213.1527,TRUE,FALSE,FALSE,213.4035,,
72,2017-04-18,212.5167,TRUE,FALSE,FALSE,213.2718,,
73,2017-04-19,212.1259,TRUE,FALSE,FALSE,213.2586,,
74,2017-04-20,213.8524,TRUE,FALSE,FALSE,213.3068,,
75,2017-04-21,213.1709,TRUE,TRUE,FALSE,213.3322,,
76,2017-04-24,215.5154,TRUE,FALSE,FALSE,213.4826,,
77,2017-04-25,216.7694,TRUE,FALSE,FALSE,213.7066,,
78,2017-04-26,216.6331,TRUE,FALSE,FALSE,213.8465,,
79,2017-04-27,216.8148,TRUE,FALSE,FALSE,213.9856,,
80,2017-04-28,216.3423,TRUE,TRUE,TRUE,214.0669,,
81,2017-05-01,216.8875,TRUE,FALSE,FALSE,214.2005,,
82,2017-05-02,216.9693,TRUE,FALSE,FALSE,214.3568,17.0000,
83,2017-05-03,216.7057,TRUE,FALSE,FALSE,214.4931,18.0000,
84,2017-05-04,216.9602,TRUE,FALSE,FALSE,214.6739,19.0000,
85,2017-05-05,217.8143,TRUE,TRUE,FALSE,214.8674,20.0000,
86,2017-05-08,217.7780,TRUE,FALSE,FALSE,215.0701,21.0000,
87,2017-05-09,217.5781,TRUE,FALSE,FALSE,215.2564,22.0000,
88,2017-05-10,217.9688,TRUE,FALSE,FALSE,215.4749,23.0000,
89,2017-05-11,217.5236,TRUE,FALSE,FALSE,215.7180,,
90,2017-05-12,217.1601,TRUE,TRUE,FALSE,216.0120,,
91,2017-05-15,218.3596,TRUE,FALSE,FALSE,216.2723,212.3038,
92,2017-05-16,218.1597,TRUE,FALSE,FALSE,216.5544,212.3038,
93,2017-05-17,214.2886,TRUE,FALSE,FALSE,216.6626,212.3038,
94,2017-05-18,215.1519,TRUE,FALSE,FALSE,216.7276,212.3038,
95,2017-05-19,216.5512,TRUE,TRUE,FALSE,216.8966,212.3038,
96,2017-05-22,217.6508,TRUE,FALSE,FALSE,217.0033,213.0074,
97,2017-05-23,218.1324,TRUE,FALSE,FALSE,217.0715,213.0074,
98,2017-05-24,218.6413,TRUE,FALSE,FALSE,217.1719,213.0074,
99,2017-05-25,219.6862,TRUE,FALSE,FALSE,217.3155,213.0074,
100,2017-05-26,219.6408,TRUE,TRUE,FALSE,217.4804,213.0074,
101,2017-05-30,219.4500,TRUE,FALSE,FALSE,217.6085,213.8299,
102,2017-05-31,219.3955,TRUE,FALSE,TRUE,217.7298,213.8299,
103,2017-06-01,221.1402,TRUE,FALSE,FALSE,217.9516,213.8299,
104,2017-06-02,221.8762,TRUE,TRUE,FALSE,218.1974,213.8299,
105,2017-06-05,221.7127,TRUE,FALSE,FALSE,218.3923,214.6319,
106,2017-06-06,221.0039,TRUE,FALSE,FALSE,218.5536,214.6319,
107,2017-06-07,221.4128,TRUE,FALSE,FALSE,218.7453,214.6319,
108,2017-06-08,221.5218,TRUE,FALSE,FALSE,218.9230,214.6319,
109,2017-06-09,221.1857,TRUE,TRUE,FALSE,219.1061,214.6319,
110,2017-06-12,221.1402,TRUE,FALSE,FALSE,219.3051,215.3518,
111,2017-06-13,222.2216,TRUE,FALSE,FALSE,219.4982,215.3518,
112,2017-06-14,221.9398,TRUE,FALSE,FALSE,219.6872,215.3518,
113,2017-06-15,221.5128,TRUE,FALSE,FALSE,220.0484,215.3518,
114,2017-06-16,221.5611,TRUE,TRUE,FALSE,220.3688,215.3518,
115,2017-06-19,223.4056,TRUE,FALSE,FALSE,220.7116,216.0774,
116,2017-06-20,221.8990,TRUE,FALSE,FALSE,220.9240,216.0774,
117,2017-06-21,221.8442,TRUE,FALSE,FALSE,221.1096,216.0774,
118,2017-06-22,221.7438,TRUE,FALSE,FALSE,221.2647,216.0774,
119,2017-06-23,222.0086,TRUE,TRUE,FALSE,221.3808,216.0774,
120,2017-06-26,222.1547,TRUE,FALSE,FALSE,221.5065,216.6440,
121,2017-06-27,220.3649,TRUE,FALSE,FALSE,221.5522,216.6440,
122,2017-06-28,222.3373,TRUE,FALSE,FALSE,221.6993,216.6440,
123,2017-06-29,220.3832,TRUE,FALSE,FALSE,221.6615,216.6440,
124,2017-06-30,220.7941,TRUE,TRUE,TRUE,221.6074,216.6440,
125,2017-07-03,221.1685,TRUE,FALSE,FALSE,221.5802,217.0629,
126,2017-07-05,221.6798,TRUE,FALSE,FALSE,221.6140,217.0629,
127,2017-07-06,219.6527,TRUE,FALSE,FALSE,221.5260,217.0629,
128,2017-07-07,221.0772,TRUE,TRUE,FALSE,221.5037,217.0629,
129,2017-07-10,221.3146,TRUE,FALSE,FALSE,221.5102,217.5646,
130,2017-07-11,221.1502,TRUE,FALSE,FALSE,221.5107,217.5646,
131,2017-07-12,222.8121,TRUE,FALSE,FALSE,221.5402,217.5646,
132,2017-07-13,223.1865,TRUE,FALSE,FALSE,221.6026,217.5646,
133,2017-07-14,224.2275,TRUE,TRUE,FALSE,221.7383,217.5646,
134,2017-07-17,224.2001,TRUE,FALSE,FALSE,221.8702,218.0506,
135,2017-07-18,224.3188,TRUE,FALSE,FALSE,221.9159,218.0506,
136,2017-07-19,225.5333,TRUE,FALSE,FALSE,222.0976,218.0506,
137,2017-07-20,225.6337,TRUE,FALSE,FALSE,222.2871,218.0506,
138,2017-07-21,225.4328,TRUE,TRUE,FALSE,222.4715,218.0506,
139,2017-07-24,225.3780,TRUE,FALSE,FALSE,222.6400,218.5710,
140,2017-07-25,225.9259,TRUE,FALSE,FALSE,222.8286,218.5710,
141,2017-07-26,225.9350,TRUE,FALSE,FALSE,223.1071,218.5710,
142,2017-07-27,225.7250,TRUE,FALSE,FALSE,223.2765,218.5710,
143,2017-07-28,225.4602,TRUE,TRUE,FALSE,223.5303,218.5710,
144,2017-07-31,225.3324,TRUE,FALSE,TRUE,223.7572,219.0975,
145,2017-08-01,225.8346,TRUE,FALSE,FALSE,223.9905,219.0975,
146,2017-08-02,225.9441,TRUE,FALSE,FALSE,224.2037,219.0975,
147,2017-08-03,225.5059,TRUE,FALSE,FALSE,224.4964,219.0975,
148,2017-08-04,225.9167,TRUE,TRUE,FALSE,224.7384,219.0975,
149,2017-08-07,226.3368,TRUE,FALSE,FALSE,224.9895,219.6177,
150,2017-08-08,225.7798,TRUE,FALSE,FALSE,225.2210,219.6177,
151,2017-08-09,225.7706,TRUE,FALSE,FALSE,225.3689,219.6177,
152,2017-08-10,222.5838,TRUE,FALSE,FALSE,225.3387,219.6177,
153,2017-08-11,222.9126,TRUE,TRUE,FALSE,225.2730,219.6177,
154,2017-08-14,225.1223,TRUE,FALSE,FALSE,225.3191,219.9882,
155,2017-08-15,225.0949,TRUE,FALSE,FALSE,225.3579,219.9882,
156,2017-08-16,225.4876,TRUE,FALSE,FALSE,225.3556,219.9882,
157,2017-08-17,221.9721,TRUE,FALSE,FALSE,225.1726,219.9882,
158,2017-08-18,221.6251,TRUE,TRUE,FALSE,224.9822,219.9882,
159,2017-08-21,221.7986,TRUE,FALSE,FALSE,224.8032,220.4676,
160,2017-08-22,224.1179,TRUE,FALSE,FALSE,224.7128,220.4676,
161,2017-08-23,223.3143,TRUE,FALSE,FALSE,224.5818,220.4676,
162,2017-08-24,222.7939,TRUE,FALSE,FALSE,224.4352,220.4676,
163,2017-08-25,223.3143,TRUE,TRUE,FALSE,224.3279,220.4676,
164,2017-08-28,223.3235,TRUE,FALSE,FALSE,224.2275,221.2191,
165,2017-08-29,223.5791,TRUE,FALSE,FALSE,224.1147,221.2191,
166,2017-08-30,224.6384,TRUE,FALSE,FALSE,224.0494,221.2191,
167,2017-08-31,225.9898,TRUE,FALSE,TRUE,224.0736,221.2191,
168,2017-09-01,226.3094,TRUE,TRUE,FALSE,224.0932,221.2191,
169,2017-09-05,224.6841,TRUE,FALSE,FALSE,224.0106,221.8185,
170,2017-09-06,225.4510,TRUE,FALSE,FALSE,223.9942,221.8185,
171,2017-09-07,225.4237,TRUE,FALSE,FALSE,223.9768,221.8185,
172,2017-09-08,225.1589,TRUE,TRUE,FALSE,224.1056,221.8185,
173,2017-09-11,227.5604,TRUE,FALSE,FALSE,224.3380,222.4349,
174,2017-09-12,228.3274,TRUE,FALSE,FALSE,224.4982,222.4349,
175,2017-09-13,228.4370,TRUE,FALSE,FALSE,224.6653,222.4349,
176,2017-09-14,228.3640,TRUE,FALSE,FALSE,224.8091,222.4349,
177,2017-09-15,228.6714,TRUE,TRUE,FALSE,225.1441,222.4349,
178,2017-09-18,229.1577,TRUE,FALSE,FALSE,225.5207,222.9892,
179,2017-09-19,229.3871,TRUE,FALSE,FALSE,225.9002,222.9892,7.2000
180,2017-09-20,229.4697,TRUE,FALSE,FALSE,226.1678,222.9892,8.2000
181,2017-09-21,228.8549,TRUE,FALSE,FALSE,226.4448,222.9892,9.2000
182,2017-09-22,228.9008,TRUE,TRUE,FALSE,226.7501,222.9892,10.2000
183,2017-09-25,228.4328,TRUE,FALSE,FALSE,227.0060,223.6584,11.2000
184,2017-09-26,228.5704,TRUE,FALSE,FALSE,227.2684,223.6584,12.2000
185,2017-09-27,229.4606,TRUE,FALSE,FALSE,227.5625,223.6584,13.0000
186,2017-09-28,229.7359,TRUE,FALSE,FALSE,227.8173,223.6584,
187,2017-09-29,230.5434,TRUE,TRUE,TRUE,228.0450,223.6584,
188,2017-10-02,231.5436,TRUE,FALSE,FALSE,228.3067,224.5021,220.8398
189,2017-10-03,232.0391,TRUE,FALSE,FALSE,228.6745,224.5021,220.8398
190,2017-10-04,232.3145,TRUE,FALSE,FALSE,229.0177,224.5021,220.8398
191,2017-10-05,233.6910,TRUE,FALSE,FALSE,229.4310,224.5021,220.8398
192,2017-10-06,233.4248,TRUE,TRUE,FALSE,229.8443,224.5021,220.8398
193,2017-10-09,233.0394,TRUE,FALSE,FALSE,230.1183,225.2179,220.8398
194,2017-10-10,233.6543,TRUE,FALSE,FALSE,230.3846,225.2179,220.8398
195,2017-10-11,234.0213,TRUE,FALSE,FALSE,230.6638,225.2179,220.8398
196,2017-10-12,233.6726,TRUE,FALSE,FALSE,230.9293,225.2179,220.8398
197,2017-10-13,233.9571,TRUE,TRUE,FALSE,231.1935,225.2179,220.8398
198,2017-10-16,234.2691,TRUE,FALSE,FALSE,231.4491,225.9210,220.8398
199,2017-10-17,234.4342,TRUE,FALSE,FALSE,231.7015,225.9210,220.8398
200,2017-10-18,234.6636,TRUE,FALSE,FALSE,231.9612,225.9210,220.8398
201,2017-10-19,234.7279,TRUE,FALSE,FALSE,232.2548,225.9210,220.8398
202,2017-10-20,235.9392,TRUE,TRUE,FALSE,232.6067,225.9210,220.8398
203,2017-10-23,235.0215,TRUE,FALSE,FALSE,232.9362,226.6862,220.8398
204,2017-10-24,235.4345,TRUE,FALSE,FALSE,233.2794,226.6862,220.8398
205,2017-10-25,234.2691,TRUE,FALSE,FALSE,233.5198,226.6862,220.8398
206,2017-10-26,234.5719,TRUE,FALSE,FALSE,233.7616,226.6862,220.8398
207,2017-10-27,236.4898,TRUE,TRUE,FALSE,234.0589,226.6862,220.8398
208,2017-10-30,235.6089,TRUE,FALSE,FALSE,234.2622,227.4666,220.8398
209,2017-10-31,235.9759,TRUE,FALSE,TRUE,234.4590,227.4666,220.8398
210,2017-11-01,236.2879,TRUE,FALSE,FALSE,234.6577,227.4666,224.5726
211,2017-11-02,236.3797,TRUE,FALSE,FALSE,234.7921,227.4666,224.5726
212,2017-11-03,237.1689,TRUE,TRUE,FALSE,234.9793,227.4666,224.5726
213,2017-11-06,237.5360,TRUE,FALSE,FALSE,235.2042,228.2081,224.5726
214,2017-11-07,237.3707,TRUE,FALSE,FALSE,235.3900,228.2081,224.5726
215,2017-11-08,237.7745,TRUE,FALSE,FALSE,235.5777,228.2081,224.5726
216,2017-11-09,236.9119,TRUE,FALSE,FALSE,235.7396,228.2081,224.5726
217,2017-11-10,236.8385,TRUE,TRUE,FALSE,235.8837,228.2081,224.5726
218,2017-11-13,237.0588,TRUE,FALSE,FALSE,236.0232,228.9998,224.5726
219,2017-11-14,236.5082,TRUE,FALSE,FALSE,236.1269,228.9998,224.5726
220,2017-11-15,235.3243,TRUE,FALSE,FALSE,236.1599,228.9998,224.5726
221,2017-11-16,237.3249,TRUE,FALSE,FALSE,236.2898,228.9998,224.5726
222,2017-11-17,236.6274,TRUE,TRUE,FALSE,236.3242,228.9998,224.5726
223,2017-11-20,237.0313,TRUE,FALSE,FALSE,236.4247,229.8920,224.5726
224,2017-11-21,238.5821,TRUE,FALSE,FALSE,236.5820,229.8920,224.5726
225,2017-11-22,238.3710,TRUE,FALSE,FALSE,236.7871,229.8920,224.5726
226,2017-11-24,238.9216,TRUE,TRUE,FALSE,237.0046,229.8920,224.5726
227,2017-11-27,238.8023,TRUE,FALSE,FALSE,237.1202,230.8148,224.5726
228,2017-11-28,241.2250,TRUE,FALSE,FALSE,237.4010,230.8148,224.5726
229,2017-11-29,241.0781,TRUE,FALSE,FALSE,237.6562,230.8148,224.5726
230,2017-11-30,243.1887,TRUE,FALSE,TRUE,238.0012,230.8148,224.5726
231,2017-12-01,242.6840,TRUE,TRUE,FALSE,238.3164,230.8148,227.7916
232,2017-12-04,242.3904,TRUE,FALSE,FALSE,238.5775,231.7256,227.7916
233,2017-12-05,241.5186,TRUE,FALSE,FALSE,238.7766,231.7256,227.7916
234,2017-12-06,241.5645,TRUE,FALSE,FALSE,238.9863,231.7256,227.7916
235,2017-12-07,242.3262,TRUE,FALSE,FALSE,239.2139,231.7256,227.7916
236,2017-12-08,243.6476,TRUE,TRUE,FALSE,239.5507,231.7256,227.7916
237,2017-12-11,244.3817,TRUE,FALSE,FALSE,239.9278,232.7433,227.7916
238,2017-12-12,244.8130,TRUE,FALSE,FALSE,240.3155,232.7433,227.7916
239,2017-12-13,244.7855,TRUE,FALSE,FALSE,240.7294,232.7433,227.7916
240,2017-12-14,243.7852,TRUE,FALSE,FALSE,241.1524,232.7433,227.7916
241,2017-12-15,245.8153,TRUE,TRUE,FALSE,241.5770,232.7433,227.7916
242,2017-12-18,247.3741,TRUE,FALSE,FALSE,242.1143,233.7844,227.7916
243,2017-12-19,246.4240,TRUE,FALSE,FALSE,242.5839,233.7844,227.7916
244,2017-12-20,246.2950,TRUE,FALSE,FALSE,242.9696,233.7844,227.7916
245,2017-12-21,246.8022,TRUE,FALSE,FALSE,243.3911,233.7844,227.7916
246,2017-12-22,246.7377,TRUE,TRUE,FALSE,243.7819,233.7844,227.7916
247,2017-12-26,246.4424,TRUE,FALSE,FALSE,244.1639,234.9457,227.7916
248,2017-12-27,246.5624,TRUE,FALSE,FALSE,244.4308,234.9457,227.7916
249,2017-12-28,247.0697,TRUE,FALSE,FALSE,244.7304,234.9457,227.7916
250,2017-12-29,246.1381,TRUE,TRUE,TRUE,244.8779,234.9457,227.7916
251,2018-01-02,247.8998,TRUE,FALSE,FALSE,245.1387,236.4738,232.3710
252,2018-01-03,249.4678,TRUE,FALSE,FALSE,245.4925,236.4738,232.3710
253,2018-01-04,250.5192,TRUE,FALSE,FALSE,245.9426,236.4738,232.3710
254,2018-01-05,252.1888,TRUE,TRUE,FALSE,246.4738,236.4738,232.3710
255,2018-01-08,252.6498,TRUE,FALSE,FALSE,246.9900,238.1251,232.3710
256,2018-01-09,253.2218,TRUE,FALSE,FALSE,247.4687,238.1251,232.3710
257,2018-01-10,252.8344,TRUE,FALSE,FALSE,247.8913,238.1251,232.3710
258,2018-01-11,254.6791,TRUE,FALSE,FALSE,248.3846,238.1251,232.3710
259,2018-01-12,256.3393,TRUE,TRUE,FALSE,248.9623,238.1251,232.3710
260,2018-01-16,255.4631,TRUE,FALSE,FALSE,249.5462,239.7414,232.3710
261,2018-01-17,257.8981,TRUE,FALSE,FALSE,250.1503,239.7414,232.3710
262,2018-01-18,257.4646,TRUE,FALSE,FALSE,250.6549,239.7414,232.3710
263,2018-01-19,258.6360,TRUE,TRUE,FALSE,251.2655,239.7414,232.3710
264,2018-01-22,260.7388,TRUE,FALSE,FALSE,251.9876,241.6998,232.3710
265,2018-01-23,261.2924,TRUE,FALSE,FALSE,252.7122,241.6998,232.3710
266,2018-01-24,261.1908,TRUE,FALSE,FALSE,253.4348,241.6998,232.3710
267,2018-01-25,261.3014,TRUE,FALSE,FALSE,254.1778,241.6998,232.3710
268,2018-01-26,264.3268,TRUE,TRUE,FALSE,255.0660,241.6998,232.3710
269,2018-01-29,262.5743,TRUE,FALSE,FALSE,255.8412,242.9693,232.3710
270,2018-01-30,259.8811,TRUE,FALSE,FALSE,256.5284,242.9693,232.3710
271,2018-01-31,260.0103,TRUE,FALSE,TRUE,257.1339,242.9693,232.3710
272,2018-02-01,259.7151,TRUE,FALSE,FALSE,257.6463,242.9693,235.7924
273,2018-02-02,254.0611,TRUE,TRUE,FALSE,257.8233,242.9693,235.7924
274,2018-02-05,243.4356,TRUE,FALSE,FALSE,257.3857,243.5840,235.7924
275,2018-02-06,248.2319,TRUE,FALSE,FALSE,257.1648,243.5840,235.7924
276,2018-02-07,246.8853,TRUE,FALSE,FALSE,256.8480,243.5840,235.7924
277,2018-02-08,237.6248,TRUE,FALSE,FALSE,256.0875,243.5840,235.7924
278,2018-02-09,241.1943,TRUE,TRUE,FALSE,255.4133,243.5840,235.7924
279,2018-02-12,244.7361,TRUE,FALSE,FALSE,254.8331,244.6520,235.7924
280,2018-02-13,245.3449,TRUE,FALSE,FALSE,254.3272,244.6520,235.7924
281,2018-02-14,248.6561,TRUE,FALSE,FALSE,253.8651,244.6520,235.7924
282,2018-02-15,251.8290,TRUE,FALSE,FALSE,253.5833,244.6520,235.7924
283,2018-02-16,251.9028,TRUE,TRUE,FALSE,253.2466,244.6520,235.7924
284,2018-02-20,250.3255,TRUE,FALSE,FALSE,252.7260,245.6496,235.7924
285,2018-02-21,249.0804,TRUE,FALSE,FALSE,252.1154,245.6496,235.7924
286,2018-02-22,249.4032,TRUE,FALSE,FALSE,251.5260,245.6496,235.7924
287,2018-02-23,253.3785,TRUE,TRUE,FALSE,251.1299,245.6496,235.7924
288,2018-02-26,256.3208,TRUE,FALSE,FALSE,250.7296,246.3611,235.7924
289,2018-02-27,253.1203,TRUE,FALSE,FALSE,250.2569,246.3611,235.7924
290,2018-02-28,250.5561,TRUE,FALSE,TRUE,249.7906,246.3611,235.7924
291,2018-03-01,246.9129,TRUE,FALSE,FALSE,249.1357,246.3611,238.2217
292,2018-03-02,248.1857,TRUE,TRUE,FALSE,248.5593,246.3611,238.2217
293,2018-03-05,251.0543,TRUE,FALSE,FALSE,248.4089,247.4249,238.2217
294,2018-03-06,251.6906,TRUE,FALSE,FALSE,248.8217,247.4249,238.2217
295,2018-03-07,251.5984,TRUE,FALSE,FALSE,248.9900,247.4249,238.2217
296,2018-03-08,252.8159,TRUE,FALSE,FALSE,249.2865,247.4249,238.2217
297,2018-03-09,257.2156,TRUE,TRUE,FALSE,250.2661,247.4249,238.2217
298,2018-03-12,256.8927,TRUE,FALSE,FALSE,251.0510,248.2965,238.2217
299,2018-03-13,255.2325,TRUE,FALSE,FALSE,251.5758,248.2965,238.2217
300,2018-03-14,253.9227,TRUE,FALSE,FALSE,252.0047,248.2965,238.2217
301,2018-03-15,253.6461,TRUE,FALSE,FALSE,252.2542,248.2965,238.2217
302,2018-03-16,253.9211,TRUE,TRUE,FALSE,252.3588,248.2965,238.2217
303,2018-03-19,250.4855,TRUE,FALSE,FALSE,252.2879,248.3863,238.2217
304,2018-03-20,250.9114,TRUE,FALSE,FALSE,252.3172,248.3863,238.2217
305,2018-03-21,250.4299,TRUE,FALSE,FALSE,252.3847,248.3863,238.2217
306,2018-03-22,244.1699,TRUE,FALSE,FALSE,252.1230,248.3863,238.2217
307,2018-03-23,238.9654,TRUE,TRUE,FALSE,251.4024,248.3863,238.2217
308,2018-03-26,245.5033,TRUE,FALSE,FALSE,250.8615,248.7288,238.2217
309,2018-03-27,241.3269,TRUE,FALSE,FALSE,250.2718,248.7288,238.2217
310,2018-03-28,240.6138,TRUE,FALSE,FALSE,249.7747,248.7288,238.2217
311,2018-03-29,243.6883,TRUE,TRUE,TRUE,249.6135,248.7288,238.2217
312,2018-04-02,238.4284,TRUE,FALSE,FALSE,249.1256,248.9230,240.6371
313,2018-04-03,241.4843,TRUE,FALSE,FALSE,248.6471,248.9230,240.6371
314,2018-04-04,244.0680,TRUE,FALSE,FALSE,248.2660,248.9230,240.6371
315,2018-04-05,245.9942,TRUE,FALSE,FALSE,247.9858,248.9230,240.6371
316,2018-04-06,240.5120,TRUE,TRUE,FALSE,247.3706,248.9230,240.6371
317,2018-04-09,241.6973,TRUE,FALSE,FALSE,246.5947,249.2539,240.6371
318,2018-04-10,245.5404,TRUE,FALSE,FALSE,246.0271,249.2539,240.6371
319,2018-04-11,244.2532,TRUE,FALSE,FALSE,245.4781,249.2539,240.6371
320,2018-04-12,246.2626,TRUE,FALSE,FALSE,245.0951,249.2539,240.6371
321,2018-04-13,245.5404,TRUE,TRUE,FALSE,244.6898,249.2539,240.6371
322,2018-04-16,247.5592,TRUE,FALSE,FALSE,244.3717,249.4644,240.6371
323,2018-04-17,250.2077,TRUE,FALSE,FALSE,244.3578,249.4644,240.6371
324,2018-04-18,250.3929,TRUE,FALSE,FALSE,244.3319,249.4644,240.6371
325,2018-04-19,249.0038,TRUE,FALSE,FALSE,244.2606,249.4644,240.6371
326,2018-04-20,246.8924,TRUE,TRUE,FALSE,244.3967,249.4644,240.6371
327,2018-04-23,246.8554,TRUE,FALSE,FALSE,244.7912,249.6243,240.6371
328,2018-04-24,243.5309,TRUE,FALSE,FALSE,244.6926,249.6243,240.6371
329,2018-04-25,244.1328,TRUE,FALSE,FALSE,244.8329,249.6243,240.6371
330,2018-04-26,246.6146,TRUE,FALSE,FALSE,245.1329,249.6243,240.6371
331,2018-04-27,246.8461,TRUE,TRUE,FALSE,245.2908,249.6243,240.6371
332,2018-04-30,244.9477,TRUE,FALSE,TRUE,245.6168,249.6508,240.6371
333,2018-05-01,245.3830,TRUE,FALSE,FALSE,245.8117,249.6508,243.1940
334,2018-05-02,243.7346,TRUE,FALSE,FALSE,245.7950,249.6508,243.1940
335,2018-05-03,243.1975,TRUE,FALSE,FALSE,245.6552,249.6508,243.1940
336,2018-05-04,246.3460,TRUE,TRUE,FALSE,245.9469,249.6508,243.1940
337,2018-05-07,247.1795,TRUE,FALSE,FALSE,246.2210,249.9475,243.1940
338,2018-05-08,247.1795,TRUE,FALSE,FALSE,246.3030,249.9475,243.1940
339,2018-05-09,249.5687,TRUE,FALSE,FALSE,246.5687,249.9475,243.1940
340,2018-05-10,251.9023,TRUE,FALSE,FALSE,246.8507,249.9475,243.1940
341,2018-05-11,252.6709,TRUE,TRUE,FALSE,247.2073,249.9475,243.1940
342,2018-05-14,252.7913,TRUE,FALSE,FALSE,247.4689,250.2037,243.1940
343,2018-05-15,251.0504,TRUE,FALSE,FALSE,247.5110,250.2037,243.1940
344,2018-05-16,252.1060,TRUE,FALSE,FALSE,247.5967,250.2037,243.1940
345,2018-05-17,251.8931,TRUE,FALSE,FALSE,247.7411,250.2037,243.1940
346,2018-05-18,251.2633,TRUE,TRUE,FALSE,247.9597,250.2037,243.1940
347,2018-05-21,253.1524,TRUE,FALSE,FALSE,248.2745,250.1954,243.1940
348,2018-05-22,252.4487,TRUE,FALSE,FALSE,248.7204,250.1954,243.1940
349,2018-05-23,253.1432,TRUE,FALSE,FALSE,249.1709,250.1954,243.1940
350,2018-05-24,252.6246,TRUE,FALSE,FALSE,249.4714,250.1954,243.1940
351,2018-05-25,252.0227,TRUE,TRUE,FALSE,249.7303,250.1954,243.1940
352,2018-05-29,249.1242,TRUE,FALSE,FALSE,249.9391,250.0467,243.1940
353,2018-05-30,252.4487,TRUE,FALSE,FALSE,250.2924,250.0467,243.1940
354,2018-05-31,250.9022,TRUE,FALSE,TRUE,250.6508,250.0467,243.1940
355,2018-06-01,253.3654,TRUE,TRUE,FALSE,251.1592,250.0467,245.8296
356,2018-06-04,254.5693,TRUE,FALSE,FALSE,251.5703,249.9957,245.8296
357,2018-06-05,254.7545,TRUE,FALSE,FALSE,251.9491,249.9957,245.8296
358,2018-06-06,256.8844,TRUE,FALSE,FALSE,252.4343,249.9957,245.8296
359,2018-06-07,256.8566,TRUE,FALSE,FALSE,252.7987,249.9957,245.8296
360,2018-06-08,257.6159,TRUE,TRUE,FALSE,253.0844,249.9957,245.8296
361,2018-06-11,257.9586,TRUE,FALSE,FALSE,253.3488,249.6687,245.8296
362,2018-06-12,258.2920,TRUE,FALSE,FALSE,253.6238,249.6687,245.8296
363,2018-06-13,257.4678,TRUE,FALSE,FALSE,253.9447,249.6687,245.8296
364,2018-06-14,258.1161,TRUE,FALSE,FALSE,254.2452,249.6687,245.8296
365,2018-06-15,257.7868,TRUE,TRUE,FALSE,254.5399,249.6687,245.8296
366,2018-06-18,257.2566,TRUE,FALSE,FALSE,254.8395,249.7439,245.8296
367,2018-06-19,256.2705,TRUE,FALSE,FALSE,254.9954,249.7439,245.8296
368,2018-06-20,256.7078,TRUE,FALSE,FALSE,255.2084,249.7439,245.8296
369,2018-06-21,255.0985,TRUE,FALSE,FALSE,255.3062,249.7439,245.8296
370,2018-06-22,255.5636,TRUE,TRUE,FALSE,255.4531,249.7439,245.8296
371,2018-06-25,252.0846,TRUE,FALSE,FALSE,255.4562,250.3014,245.8296
372,2018-06-26,252.6428,TRUE,FALSE,FALSE,255.6321,250.3014,245.8296
373,2018-06-27,250.5498,TRUE,FALSE,FALSE,255.5372,250.3014,245.8296
374,2018-06-28,251.9823,TRUE,FALSE,FALSE,255.5912,250.3014,245.8296
375,2018-06-29,252.3451,TRUE,TRUE,TRUE,255.5402,250.3014,245.8296
376,2018-07-02,252.8846,TRUE,FALSE,FALSE,255.4559,250.5161,248.9446
377,2018-07-03,251.9916,TRUE,FALSE,FALSE,255.3178,250.5161,248.9446
378,2018-07-05,254.0473,TRUE,FALSE,FALSE,255.1759,250.5161,248.9446
379,2018-07-06,256.1961,TRUE,TRUE,FALSE,255.1429,250.5161,248.9446
380,2018-07-09,258.5030,TRUE,FALSE,FALSE,255.1873,250.8509,248.9446
381,2018-07-10,259.4332,TRUE,FALSE,FALSE,255.2610,250.8509,248.9446
382,2018-07-11,257.5356,TRUE,FALSE,FALSE,255.2232,250.8509,248.9446
383,2018-07-12,259.8704,TRUE,FALSE,FALSE,255.3433,250.8509,248.9446
384,2018-07-13,260.0750,TRUE,TRUE,FALSE,255.4413,250.8509,248.9446
385,2018-07-16,259.8425,TRUE,FALSE,FALSE,255.5440,251.4495,248.9446
386,2018-07-17,260.8936,TRUE,FALSE,FALSE,255.7259,251.4495,248.9446
387,2018-07-18,261.4424,TRUE,FALSE,FALSE,255.9845,251.4495,248.9446
388,2018-07-19,260.4564,TRUE,FALSE,FALSE,256.1719,251.4495,248.9446
389,2018-07-20,260.1587,TRUE,TRUE,FALSE,256.4249,251.4495,248.9446
390,2018-07-23,260.6425,TRUE,FALSE,FALSE,256.6789,251.6776,248.9446
391,2018-07-24,261.9540,TRUE,FALSE,FALSE,257.1723,251.6776,248.9446
392,2018-07-25,264.1866,TRUE,FALSE,FALSE,257.7495,251.6776,248.9446
393,2018-07-26,263.5632,TRUE,FALSE,FALSE,258.4002,251.6776,248.9446
394,2018-07-27,261.7773,TRUE,TRUE,FALSE,258.8900,251.6776,248.9446
395,2018-07-30,260.4100,TRUE,FALSE,FALSE,259.2932,252.1718,248.9446
396,2018-07-31,261.6936,TRUE,FALSE,TRUE,259.7337,252.1718,248.9446
397,2018-08-01,261.2564,TRUE,FALSE,FALSE,260.1969,252.1718,252.3517
398,2018-08-02,262.6797,TRUE,FALSE,FALSE,260.6285,252.1718,252.3517
399,2018-08-03,263.8052,TRUE,TRUE,FALSE,261.0090,252.1718,252.3517
400,2018-08-06,264.7726,TRUE,FALSE,FALSE,261.3225,253.3934,252.3517
401,2018-08-07,265.6470,TRUE,FALSE,FALSE,261.6331,253.3934,252.3517
402,2018-08-08,265.5352,TRUE,FALSE,FALSE,262.0331,253.3934,252.3517
403,2018-08-09,265.1725,TRUE,FALSE,FALSE,262.2982,253.3934,252.3517
404,2018-08-10,263.3959,TRUE,TRUE,FALSE,262.4643,253.3934,252.3517
405,2018-08-13,262.4099,TRUE,FALSE,FALSE,262.5926,254.4671,252.3517
406,2018-08-14,264.0842,TRUE,FALSE,FALSE,262.7522,254.4671,252.3517
407,2018-08-15,262.1122,TRUE,FALSE,FALSE,262.7857,254.4671,252.3517
408,2018-08-16,264.2330,TRUE,FALSE,FALSE,262.9745,254.4671,252.3517
409,2018-08-17,265.1633,TRUE,TRUE,FALSE,263.2247,254.4671,252.3517
410,2018-08-20,265.7307,TRUE,FALSE,FALSE,263.4791,255.8136,252.3517
411,2018-08-21,266.3539,TRUE,FALSE,FALSE,263.6991,255.8136,252.3517
412,2018-08-22,266.1958,TRUE,FALSE,FALSE,263.7996,255.8136,252.3517
413,2018-08-23,265.8423,TRUE,FALSE,FALSE,263.9135,255.8136,252.3517
414,2018-08-24,267.4423,TRUE,TRUE,FALSE,264.1968,255.8136,252.3517
415,2018-08-27,269.5539,TRUE,FALSE,FALSE,264.6540,257.0389,252.3517
416,2018-08-28,269.6840,TRUE,FALSE,FALSE,265.0535,257.0389,252.3517
417,2018-08-29,271.1352,TRUE,FALSE,FALSE,265.5474,257.0389,252.3517
418,2018-08-30,270.0375,TRUE,FALSE,FALSE,265.9153,257.0389,252.3517
419,2018-08-31,270.0468,TRUE,TRUE,TRUE,266.2274,257.0389,252.3517
420,2018-09-04,269.5818,TRUE,FALSE,FALSE,266.4679,258.0706,255.1980
421,2018-09-05,268.8562,TRUE,FALSE,FALSE,266.6283,258.0706,255.1980
422,2018-09-06,268.0469,TRUE,FALSE,FALSE,266.7539,258.0706,255.1980
423,2018-09-07,267.5260,TRUE,TRUE,FALSE,266.8716,258.0706,255.1980
424,2018-09-10,267.9911,TRUE,FALSE,FALSE,267.1013,259.2572,255.1980
425,2018-09-11,268.8748,TRUE,FALSE,FALSE,267.4246,259.2572,255.1980
426,2018-09-12,268.9398,TRUE,FALSE,FALSE,267.6674,259.2572,255.1980
427,2018-09-13,270.5305,TRUE,FALSE,FALSE,268.0883,259.2572,255.1980
428,2018-09-14,270.5770,TRUE,TRUE,FALSE,268.4055,259.2572,255.1980
429,2018-09-17,269.1445,TRUE,FALSE,FALSE,268.6045,260.5818,255.1980
430,2018-09-18,270.6049,TRUE,FALSE,FALSE,268.8483,260.5818,255.1980
431,2018-09-19,270.8933,TRUE,FALSE,FALSE,269.0752,260.5818,255.1980
432,2018-09-20,273.0886,TRUE,FALSE,FALSE,269.4199,260.5818,255.1980
433,2018-09-21,272.8391,TRUE,TRUE,FALSE,269.7697,260.5818,255.1980
434,2018-09-24,271.9327,TRUE,FALSE,FALSE,269.9942,261.5309,255.1980
435,2018-09-25,271.6804,TRUE,FALSE,FALSE,270.1005,261.5309,255.1980
436,2018-09-26,270.8674,TRUE,FALSE,FALSE,270.1597,261.5309,255.1980
437,2018-09-27,271.6244,TRUE,FALSE,FALSE,270.1842,261.5309,255.1980
438,2018-09-28,271.6524,TRUE,TRUE,TRUE,270.2649,261.5309,255.1980
439,2018-10-01,272.5961,TRUE,FALSE,FALSE,270.3924,262.4149,255.8722
440,2018-10-02,272.4373,TRUE,FALSE,FALSE,270.5352,262.4149,255.8722
441,2018-10-03,272.5868,TRUE,FALSE,FALSE,270.7217,262.4149,255.8722
442,2018-10-04,270.4563,TRUE,FALSE,FALSE,270.8422,262.4149,255.8722
443,2018-10-05,268.9426,TRUE,TRUE,FALSE,270.9130,262.4149,255.8722
444,2018-10-08,268.9426,TRUE,FALSE,FALSE,270.9606,262.7063,255.8722
445,2018-10-09,268.5502,TRUE,FALSE,FALSE,270.9443,262.7063,255.8722
446,2018-10-10,260.0470,TRUE,FALSE,FALSE,270.4997,262.7063,255.8722
447,2018-10-11,254.3190,TRUE,FALSE,FALSE,269.6891,262.7063,255.8722
448,2018-10-12,257.8511,TRUE,TRUE,FALSE,269.0528,262.7063,255.8722
449,2018-10-15,256.4027,TRUE,FALSE,FALSE,268.4157,262.9446,255.8722
450,2018-10-16,262.0092,TRUE,FALSE,FALSE,267.9860,262.9446,255.8722
451,2018-10-17,262.0560,TRUE,FALSE,FALSE,267.5441,262.9446,255.8722
452,2018-10-18,258.2716,TRUE,FALSE,FALSE,266.8032,262.9446,255.8722
453,2018-10-19,258.1314,TRUE,TRUE,FALSE,266.0679,262.9446,255.8722
454,2018-10-22,256.9728,TRUE,FALSE,FALSE,265.3199,262.4602,255.8722
455,2018-10-23,255.6645,TRUE,FALSE,FALSE,264.5191,262.4602,255.8722
456,2018-10-24,247.9183,TRUE,FALSE,FALSE,263.3716,262.4602,255.8722
457,2018-10-25,252.3661,TRUE,FALSE,FALSE,262.4087,262.4602,255.8722
458,2018-10-26,247.9276,TRUE,TRUE,FALSE,261.2225,262.4602,255.8722
459,2018-10-29,246.5540,TRUE,FALSE,FALSE,259.9204,262.2737,255.8722
460,2018-10-30,250.2076,TRUE,FALSE,FALSE,258.8089,262.2737,255.8722
461,2018-10-31,252.8801,TRUE,FALSE,TRUE,257.8235,262.2737,255.8722
462,2018-11-01,255.5712,TRUE,FALSE,FALSE,257.0793,262.2737,255.6283
463,2018-11-02,254.0574,TRUE,TRUE,FALSE,256.3350,262.2737,255.6283
464,2018-11-05,255.4590,TRUE,FALSE,FALSE,255.6608,262.4726,255.6283
465,2018-11-06,257.0756,TRUE,FALSE,FALSE,255.0871,262.4726,255.6283
466,2018-11-07,262.5793,TRUE,FALSE,FALSE,255.2137,262.4726,255.6283
467,2018-11-08,262.1027,TRUE,FALSE,FALSE,255.6029,262.4726,255.6283
468,2018-11-09,259.5424,TRUE,TRUE,FALSE,255.6875,262.4726,255.6283
469,2018-11-12,254.6928,TRUE,FALSE,FALSE,255.6020,262.6442,255.6283
470,2018-11-13,254.2163,TRUE,FALSE,FALSE,255.2123,262.6442,255.6283
471,2018-11-14,252.4783,TRUE,FALSE,FALSE,254.7334,262.6442,255.6283
472,2018-11-15,255.1133,TRUE,FALSE,FALSE,254.5755,262.6442,255.6283
473,2018-11-16,255.7767,TRUE,TRUE,FALSE,254.4578,262.6442,255.6283
474,2018-11-19,251.4504,TRUE,FALSE,FALSE,254.1817,262.1336,255.6283
475,2018-11-20,246.7970,TRUE,FALSE,FALSE,253.7383,262.1336,255.6283
476,2018-11-21,247.6380,TRUE,FALSE,FALSE,253.7243,262.1336,255.6283
477,2018-11-23,245.9841,TRUE,TRUE,FALSE,253.4052,262.1336,255.6283
478,2018-11-26,249.9553,TRUE,FALSE,FALSE,253.5066,262.0084,255.6283
479,2018-11-27,250.7963,TRUE,FALSE,FALSE,253.7187,262.0084,255.6283
480,2018-11-28,256.5709,TRUE,FALSE,FALSE,254.0368,262.0084,255.6283
481,2018-11-29,256.0103,TRUE,FALSE,FALSE,254.1934,262.0084,255.6283
482,2018-11-30,257.5707,TRUE,TRUE,TRUE,254.2933,262.0084,255.6283
483,2018-12-03,260.9814,TRUE,FALSE,FALSE,254.6395,261.3146,254.0619
484,2018-12-04,252.5250,TRUE,FALSE,FALSE,254.4928,261.3146,254.0619
485,2018-12-06,252.1419,TRUE,FALSE,FALSE,254.2461,261.3146,254.0619
486,2018-12-07,246.2830,TRUE,TRUE,FALSE,253.4313,261.3146,254.0619
487,2018-12-10,246.7502,TRUE,FALSE,FALSE,252.6637,260.3951,254.0619
488,2018-12-11,246.8063,TRUE,FALSE,FALSE,252.0269,260.3951,254.0619
489,2018-12-12,248.0491,TRUE,FALSE,FALSE,251.6947,260.3951,254.0619
490,2018-12-13,247.9650,TRUE,FALSE,FALSE,251.3822,260.3951,254.0619
491,2018-12-14,243.3864,TRUE,TRUE,FALSE,250.9276,260.3951,254.0619
492,2018-12-17,238.6116,TRUE,FALSE,FALSE,250.1025,258.5161,254.0619
493,2018-12-18,238.3499,TRUE,FALSE,FALSE,249.2311,258.5161,254.0619
494,2018-12-19,234.7805,TRUE,FALSE,FALSE,248.3976,258.5161,254.0619
495,2018-12-20,230.9587,TRUE,FALSE,FALSE,247.6057,258.5161,254.0619
496,2018-12-21,226.2265,TRUE,TRUE,FALSE,246.5352,258.5161,254.0619
497,2018-12-24,220.2489,TRUE,FALSE,FALSE,245.2484,255.9367,254.0619
498,2018-12-26,231.3770,TRUE,FALSE,FALSE,244.3195,255.9367,254.0619
499,2018-12-27,233.1533,TRUE,FALSE,FALSE,243.4373,255.9367,254.0619
500,2018-12-28,232.8525,TRUE,TRUE,FALSE,242.2514,255.9367,254.0619
501,2018-12-31,234.8921,TRUE,TRUE,TRUE,241.1955,255.4754,254.0619
502,2019-01-02,235.1364,TRUE,FALSE,FALSE,240.0738,253.9640,255.0629
503,2019-01-03,229.5254,TRUE,FALSE,FALSE,238.5010,253.9640,255.0629
504,2019-01-04,237.2135,TRUE,TRUE,FALSE,237.7354,253.9640,255.0629
505,2019-01-07,239.0839,TRUE,FALSE,FALSE,237.0825,252.6320,255.0629
506,2019-01-08,241.3302,TRUE,FALSE,FALSE,236.8349,252.6320,255.0629
507,2019-01-09,242.4580,TRUE,FALSE,FALSE,236.6203,252.6320,255.0629
508,2019-01-10,243.3133,TRUE,FALSE,FALSE,236.4456,252.6320,255.0629
509,2019-01-11,243.4073,TRUE,TRUE,FALSE,236.2135,252.6320,255.0629
510,2019-01-14,241.9223,TRUE,FALSE,FALSE,235.9114,251.7776,255.0629
511,2019-01-15,244.6949,TRUE,FALSE,FALSE,235.9768,251.7776,255.0629
512,2019-01-16,245.2870,TRUE,FALSE,FALSE,236.3106,251.7776,255.0629
513,2019-01-17,247.1479,TRUE,FALSE,FALSE,236.7505,251.7776,255.0629
514,2019-01-18,250.4375,TRUE,TRUE,FALSE,237.5333,251.7776,255.0629
515,2019-01-22,247.0539,TRUE,FALSE,FALSE,238.3381,250.7386,255.0629
516,2019-01-23,247.5709,TRUE,FALSE,FALSE,239.4053,250.7386,255.0629
517,2019-01-24,247.7025,TRUE,FALSE,FALSE,240.7780,250.7386,255.0629
518,2019-01-25,249.7984,TRUE,TRUE,FALSE,241.6991,250.7386,255.0629
519,2019-01-28,247.8999,TRUE,FALSE,FALSE,242.4364,249.7877,255.0629
520,2019-01-29,247.5709,TRUE,FALSE,FALSE,243.1723,249.7877,255.0629
521,2019-01-30,251.4902,TRUE,FALSE,FALSE,244.0022,249.7877,255.0629
522,2019-01-31,253.6989,TRUE,FALSE,TRUE,244.9303,249.7877,255.0629
523,2019-02-01,253.8211,TRUE,TRUE,FALSE,246.1451,249.7877,256.7604
524,2019-02-04,255.6068,TRUE,FALSE,FALSE,247.0648,248.9154,256.7604
525,2019-02-05,256.6782,TRUE,FALSE,FALSE,247.9445,248.9154,256.7604
526,2019-02-06,256.3398,TRUE,FALSE,FALSE,248.6950,248.9154,256.7604
527,2019-02-07,253.8963,TRUE,FALSE,FALSE,249.2669,248.9154,256.7604
528,2019-02-08,254.2063,TRUE,TRUE,FALSE,249.8116,248.9154,256.7604
529,2019-02-11,254.3474,TRUE,FALSE,FALSE,250.3586,248.5029,256.7604
530,2019-02-12,257.6181,TRUE,FALSE,FALSE,251.1433,248.5029,256.7604
531,2019-02-13,258.4546,TRUE,FALSE,FALSE,251.8313,248.5029,256.7604
532,2019-02-14,257.8813,TRUE,FALSE,FALSE,252.4610,248.5029,256.7604
533,2019-02-15,260.6914,TRUE,TRUE,FALSE,253.1382,248.5029,256.7604
534,2019-02-19,261.1426,TRUE,FALSE,FALSE,253.6735,248.7281,256.7604
535,2019-02-20,261.6690,TRUE,FALSE,FALSE,254.4042,248.7281,256.7604
536,2019-02-21,260.7385,TRUE,FALSE,FALSE,255.0626,248.7281,256.7604
537,2019-02-22,262.3550,TRUE,TRUE,FALSE,255.7952,248.7281,256.7604
538,2019-02-25,262.7121,TRUE,FALSE,FALSE,256.4409,248.9994,256.7604
539,2019-02-26,262.5242,TRUE,FALSE,FALSE,257.1721,248.9994,256.7604
540,2019-02-27,262.4114,TRUE,FALSE,FALSE,257.9142,248.9994,256.7604
541,2019-02-28,261.9227,TRUE,FALSE,TRUE,258.4358,248.9994,256.7604
542,2019-03-01,263.5581,TRUE,TRUE,FALSE,258.9288,248.9994,258.3366
543,2019-03-04,262.5994,TRUE,FALSE,FALSE,259.3677,249.5008,258.3366
544,2019-03-05,262.2423,TRUE,FALSE,FALSE,259.6994,249.5008,258.3366
545,2019-03-06,260.6539,TRUE,FALSE,FALSE,259.8982,249.5008,258.3366
546,2019-03-07,258.4734,TRUE,FALSE,FALSE,260.0049,249.5008,258.3366
547,2019-03-08,257.9564,TRUE,TRUE,FALSE,260.2079,249.5008,258.3366
548,2019-03-11,261.6971,TRUE,FALSE,FALSE,260.5824,250.0759,258.3366
549,2019-03-12,262.6839,TRUE,FALSE,FALSE,260.9993,250.0759,258.3366
550,2019-03-13,264.4228,TRUE,FALSE,FALSE,261.3395,250.0759,258.3366
551,2019-03-14,264.2536,TRUE,FALSE,FALSE,261.6295,250.0759,258.3366
552,2019-03-15,265.5591,TRUE,TRUE,FALSE,262.0133,250.0759,258.3366
553,2019-03-18,266.5220,TRUE,FALSE,FALSE,262.3049,250.2795,258.3366
554,2019-03-19,266.5881,TRUE,FALSE,FALSE,262.5772,250.2795,258.3366
555,2019-03-20,265.7857,TRUE,FALSE,FALSE,262.7830,250.2795,258.3366
556,2019-03-21,268.7877,TRUE,FALSE,FALSE,263.1855,250.2795,258.3366
557,2019-03-22,263.6145,TRUE,TRUE,FALSE,263.2484,250.2795,258.3366
558,2019-03-25,263.4163,TRUE,FALSE,FALSE,263.2836,250.8239,258.3366
559,2019-03-26,265.3798,TRUE,FALSE,FALSE,263.4264,250.8239,258.3366
560,2019-03-27,263.9921,TRUE,FALSE,FALSE,263.5054,250.8239,258.3366
561,2019-03-28,264.9927,TRUE,FALSE,FALSE,263.6589,250.8239,258.3366
562,2019-03-29,266.6636,TRUE,TRUE,TRUE,263.8142,250.8239,258.3366
563,2019-04-01,269.8260,TRUE,FALSE,FALSE,264.1756,252.1453,260.8578
564,2019-04-02,269.9583,TRUE,FALSE,FALSE,264.5614,252.1453,260.8578
565,2019-04-03,270.3831,TRUE,FALSE,FALSE,265.0478,252.1453,260.8578
566,2019-04-04,271.1005,TRUE,FALSE,FALSE,265.6792,252.1453,260.8578
567,2019-04-05,272.4127,TRUE,TRUE,FALSE,266.4020,252.1453,260.8578
568,2019-04-08,272.6203,TRUE,FALSE,FALSE,266.9481,252.9625,260.8578
569,2019-04-09,271.2232,TRUE,FALSE,FALSE,267.3751,252.9625,260.8578
570,2019-04-10,272.1483,TRUE,FALSE,FALSE,267.7614,252.9625,260.8578
571,2019-04-11,272.0728,TRUE,FALSE,FALSE,268.1523,252.9625,260.8578
572,2019-04-12,273.9137,TRUE,TRUE,FALSE,268.5701,252.9625,260.8578
573,2019-04-15,273.7343,TRUE,FALSE,FALSE,268.9307,254.3374,260.8578
574,2019-04-16,273.9137,TRUE,FALSE,FALSE,269.2970,254.3374,260.8578
575,2019-04-17,273.2434,TRUE,FALSE,FALSE,269.6698,254.3374,260.8578
576,2019-04-18,273.7814,TRUE,TRUE,FALSE,269.9195,254.3374,260.8578
577,2019-04-22,274.0175,TRUE,FALSE,FALSE,270.4397,256.0171,260.8578
578,2019-04-23,276.4813,TRUE,FALSE,FALSE,271.0929,256.0171,260.8578
579,2019-04-24,275.8677,TRUE,FALSE,FALSE,271.6173,256.0171,260.8578
580,2019-04-25,275.6978,TRUE,FALSE,FALSE,272.2026,256.0171,260.8578
581,2019-04-26,276.9816,TRUE,TRUE,FALSE,272.8021,256.0171,260.8578
582,2019-04-29,277.4159,TRUE,FALSE,FALSE,273.3397,258.5842,260.8578
583,2019-04-30,277.5574,TRUE,FALSE,TRUE,273.7262,258.5842,260.8578
584,2019-05-01,275.4713,TRUE,FALSE,FALSE,274.0019,258.5842,260.6742
585,2019-05-02,274.8765,TRUE,FALSE,FALSE,274.2266,258.5842,260.6742
586,2019-05-03,277.5669,TRUE,TRUE,FALSE,274.5499,258.5842,260.6742
587,2019-05-06,276.4247,TRUE,FALSE,FALSE,274.7505,260.5400,260.6742
588,2019-05-07,271.8085,TRUE,FALSE,FALSE,274.7099,260.5400,260.6742
589,2019-05-08,271.4308,TRUE,FALSE,FALSE,274.7203,260.5400,260.6742
590,2019-05-09,270.6096,TRUE,FALSE,FALSE,274.6433,260.5400,260.6742
591,2019-05-10,271.9690,TRUE,TRUE,FALSE,274.6381,260.5400,260.6742
592,2019-05-13,265.1344,TRUE,FALSE,FALSE,274.1992,262.2872,260.6742
593,2019-05-14,267.5321,TRUE,FALSE,FALSE,273.8891,262.2872,260.6742
594,2019-05-15,269.0992,TRUE,FALSE,FALSE,273.6483,262.2872,260.6742
595,2019-05-16,271.5914,TRUE,FALSE,FALSE,273.5657,262.2872,260.6742
596,2019-05-17,269.8355,TRUE,TRUE,FALSE,273.3685,262.2872,260.6742
597,2019-05-20,268.0514,TRUE,FALSE,FALSE,273.0701,263.7738,260.6742
598,2019-05-21,270.4680,TRUE,FALSE,FALSE,272.7695,263.7738,260.6742
599,2019-05-22,269.6372,TRUE,FALSE,FALSE,272.4580,263.7738,260.6742
600,2019-05-23,266.3427,TRUE,FALSE,FALSE,271.9902,263.7738,260.6742
601,2019-05-24,266.9468,TRUE,TRUE,FALSE,271.4885,263.7738,260.6742
602,2019-05-28,264.4641,TRUE,FALSE,FALSE,270.8409,264.5963,260.6742
603,2019-05-29,262.6894,TRUE,FALSE,FALSE,270.0975,264.5963,260.6742
604,2019-05-30,263.4068,TRUE,FALSE,FALSE,269.4942,264.5963,260.6742
605,2019-05-31,259.8573,TRUE,TRUE,TRUE,268.7433,264.5963,260.6742
606,2019-06-03,259.1965,TRUE,FALSE,FALSE,267.8248,265.6517,261.4635
607,2019-06-04,264.8228,TRUE,FALSE,FALSE,267.2447,265.6517,261.4635
608,2019-06-05,267.1168,TRUE,FALSE,FALSE,267.0101,265.6517,261.4635
609,2019-06-06,268.8538,TRUE,FALSE,FALSE,266.8812,265.6517,261.4635
610,2019-06-07,271.5441,TRUE,TRUE,FALSE,266.9280,265.6517,261.4635
611,2019-06-10,272.7903,TRUE,FALSE,FALSE,266.9690,266.8149,261.4635
612,2019-06-11,272.7242,TRUE,FALSE,FALSE,267.3485,266.8149,261.4635
613,2019-06-12,272.2427,TRUE,FALSE,FALSE,267.5841,266.8149,261.4635
614,2019-06-13,273.3661,TRUE,FALSE,FALSE,267.7974,266.8149,261.4635
615,2019-06-14,273.0640,TRUE,TRUE,FALSE,267.8710,266.8149,261.4635
616,2019-06-17,273.1678,TRUE,FALSE,FALSE,268.0376,268.0683,261.4635
617,2019-06-18,276.0282,TRUE,FALSE,FALSE,268.4365,268.0683,261.4635
618,2019-06-19,276.6512,TRUE,FALSE,FALSE,268.7456,268.0683,261.4635
619,2019-06-20,279.2945,TRUE,FALSE,FALSE,269.2285,268.0683,261.4635
620,2019-06-21,278.8885,TRUE,TRUE,FALSE,269.8558,268.0683,261.4635
621,2019-06-24,278.5470,TRUE,FALSE,FALSE,270.4358,269.2550,261.4635
622,2019-06-25,275.8150,TRUE,FALSE,FALSE,271.0034,269.2550,261.4635
623,2019-06-26,275.5399,TRUE,FALSE,FALSE,271.6459,269.2550,261.4635
624,2019-06-27,276.5170,TRUE,FALSE,FALSE,272.3014,269.2550,261.4635
625,2019-06-28,277.9399,TRUE,TRUE,TRUE,273.2055,269.2550,261.4635
626,2019-07-01,280.4632,TRUE,FALSE,FALSE,274.2688,270.3764,262.5125
627,2019-07-02,281.1935,TRUE,FALSE,FALSE,275.0874,270.3764,262.5125
628,2019-07-03,283.4417,TRUE,FALSE,FALSE,275.9036,270.3764,262.5125
629,2019-07-05,283.1193,TRUE,TRUE,FALSE,276.6169,270.3764,262.5125
630,2019-07-08,281.5635,TRUE,FALSE,FALSE,277.1179,271.5185,262.5125
631,2019-07-09,281.9145,TRUE,FALSE,FALSE,277.5741,271.5185,262.5125
632,2019-07-10,283.2615,TRUE,FALSE,FALSE,278.1009,271.5185,262.5125
633,2019-07-11,283.9255,TRUE,FALSE,FALSE,278.6851,271.5185,262.5125
634,2019-07-12,285.1967,TRUE,TRUE,FALSE,279.2766,271.5185,262.5125
635,2019-07-15,285.2915,TRUE,FALSE,FALSE,279.8880,272.4353,262.5125
636,2019-07-16,284.3714,TRUE,FALSE,FALSE,280.4482,272.4353,262.5125
637,2019-07-17,282.4362,TRUE,FALSE,FALSE,280.7686,272.4353,262.5125
638,2019-07-18,283.4702,TRUE,FALSE,FALSE,281.1095,272.4353,262.5125
639,2019-07-19,281.8956,TRUE,TRUE,FALSE,281.2396,272.4353,262.5125
640,2019-07-22,282.5880,TRUE,FALSE,FALSE,281.4246,273.8618,262.5125
641,2019-07-23,284.6086,TRUE,FALSE,FALSE,281.7276,273.8618,262.5125
642,2019-07-24,285.9460,TRUE,FALSE,FALSE,282.2342,273.8618,262.5125
643,2019-07-25,284.5801,TRUE,FALSE,FALSE,282.6862,273.8618,262.5125
644,2019-07-26,286.4868,TRUE,TRUE,FALSE,283.1847,273.8618,262.5125
645,2019-07-29,285.9650,TRUE,FALSE,FALSE,283.5859,274.4629,262.5125
646,2019-07-30,285.2631,TRUE,FALSE,FALSE,283.8259,274.4629,262.5125
647,2019-07-31,282.1422,TRUE,FALSE,TRUE,283.8734,274.4629,262.5125
648,2019-08-01,279.6853,TRUE,FALSE,FALSE,283.6855,274.4629,264.9663
649,2019-08-02,277.5794,TRUE,TRUE,FALSE,283.4086,274.4629,264.9663
650,2019-08-05,269.2318,TRUE,FALSE,FALSE,282.7920,275.1137,264.9663
651,2019-08-06,273.0071,TRUE,FALSE,FALSE,282.3466,275.1137,264.9663
652,2019-08-07,273.1684,TRUE,FALSE,FALSE,281.8419,275.1137,264.9663
653,2019-08-08,278.5280,TRUE,FALSE,FALSE,281.5721,275.1137,264.9663
654,2019-08-09,276.6308,TRUE,TRUE,FALSE,281.1438,275.1137,264.9663
655,2019-08-12,273.2633,TRUE,FALSE,FALSE,280.5424,275.4807,264.9663
656,2019-08-13,277.5130,TRUE,FALSE,FALSE,280.1994,275.4807,264.9663
657,2019-08-14,269.3076,TRUE,FALSE,FALSE,279.5430,275.4807,264.9663
658,2019-08-15,270.0190,TRUE,FALSE,FALSE,278.8705,275.4807,264.9663
659,2019-08-16,274.0032,TRUE,TRUE,FALSE,278.4758,275.4807,264.9663
660,2019-08-19,277.3043,TRUE,FALSE,FALSE,278.2117,275.3705,264.9663
661,2019-08-20,275.1794,TRUE,FALSE,FALSE,277.7402,275.3705,264.9663
662,2019-08-21,277.4182,TRUE,FALSE,FALSE,277.3138,275.3705,264.9663
663,2019-08-22,277.3328,TRUE,FALSE,FALSE,276.9514,275.3705,264.9663
664,2019-08-23,270.2088,TRUE,TRUE,FALSE,276.1375,275.3705,264.9663
665,2019-08-26,273.1968,TRUE,FALSE,FALSE,275.4991,275.5457,264.9663
666,2019-08-27,272.1250,TRUE,FALSE,FALSE,274.8422,275.5457,264.9663
667,2019-08-28,274.0411,TRUE,FALSE,FALSE,274.4372,275.5457,264.9663
668,2019-08-29,277.5415,TRUE,FALSE,FALSE,274.3300,275.5457,264.9663
669,2019-08-30,277.4182,TRUE,TRUE,TRUE,274.3219,275.5457,264.9663
670,2019-09-03,275.7961,TRUE,FALSE,FALSE,274.6501,275.9931,267.4908
671,2019-09-04,278.9264,TRUE,FALSE,FALSE,274.9461,275.9931,267.4908
672,2019-09-05,282.5121,TRUE,FALSE,FALSE,275.4133,275.9931,267.4908
673,2019-09-06,282.7303,TRUE,TRUE,FALSE,275.6234,275.9931,267.4908
674,2019-09-09,282.8726,TRUE,FALSE,FALSE,275.9355,276.4248,267.4908
675,2019-09-10,282.8062,TRUE,FALSE,FALSE,276.4126,276.4248,267.4908
676,2019-09-11,284.8173,TRUE,FALSE,FALSE,276.7778,276.4248,267.4908
677,2019-09-12,285.8038,TRUE,FALSE,FALSE,277.6027,276.4248,267.4908
678,2019-09-13,285.6141,TRUE,TRUE,FALSE,278.3824,276.4248,267.4908
679,2019-09-16,284.7319,TRUE,FALSE,FALSE,278.9188,276.7592,267.4908
680,2019-09-17,285.4528,TRUE,FALSE,FALSE,279.3263,276.7592,267.4908
681,2019-09-18,285.6235,TRUE,FALSE,FALSE,279.8485,276.7592,267.4908
682,2019-09-19,285.6046,TRUE,FALSE,FALSE,280.2578,276.7592,267.4908
683,2019-09-20,284.2552,TRUE,TRUE,FALSE,280.6039,276.7592,267.4908
684,2019-09-23,284.1884,TRUE,FALSE,FALSE,281.3029,277.2363,267.4908
685,2019-09-24,281.9585,TRUE,FALSE,FALSE,281.7410,277.2363,267.4908
686,2019-09-25,283.6261,TRUE,FALSE,FALSE,282.3160,277.2363,267.4908
687,2019-09-26,283.0354,TRUE,FALSE,FALSE,282.7657,277.2363,267.4908
688,2019-09-27,281.5106,TRUE,TRUE,FALSE,282.9642,277.2363,267.4908
689,2019-09-30,282.8161,TRUE,FALSE,TRUE,283.2341,277.7700,267.4908
690,2019-10-01,279.4521,TRUE,FALSE,FALSE,283.4169,277.7700,272.9084
691,2019-10-02,274.5157,TRUE,FALSE,FALSE,283.1964,277.7700,272.9084
692,2019-10-03,276.7647,TRUE,FALSE,FALSE,282.9090,277.7700,272.9084
693,2019-10-04,280.5099,TRUE,TRUE,FALSE,282.7980,277.7700,272.9084
694,2019-10-07,279.2996,TRUE,FALSE,FALSE,282.6193,278.5401,272.9084
695,2019-10-08,274.9636,TRUE,FALSE,FALSE,282.2272,278.5401,272.9084
696,2019-10-09,277.5748,TRUE,FALSE,FALSE,281.8651,278.5401,272.9084
697,2019-10-10,279.4521,TRUE,FALSE,FALSE,281.5475,278.5401,272.9084
698,2019-10-11,282.3492,TRUE,TRUE,FALSE,281.3842,278.5401,272.9084
699,2019-10-14,282.0347,TRUE,FALSE,FALSE,281.2494,279.7452,272.9084
700,2019-10-15,284.8269,TRUE,FALSE,FALSE,281.2181,279.7452,272.9084
701,2019-10-16,284.3695,TRUE,FALSE,FALSE,281.1554,279.7452,272.9084
702,2019-10-17,285.2082,TRUE,FALSE,FALSE,281.1356,279.7452,272.9084
703,2019-10-18,283.9597,TRUE,TRUE,FALSE,281.1208,279.7452,272.9084
704,2019-10-21,285.8846,TRUE,FALSE,FALSE,281.2056,280.5390,272.9084
705,2019-10-22,284.9508,TRUE,FALSE,FALSE,281.3552,280.5390,272.9084
706,2019-10-23,285.7800,TRUE,FALSE,FALSE,281.4629,280.5390,272.9084
707,2019-10-24,286.2469,TRUE,FALSE,FALSE,281.6235,280.5390,272.9084
708,2019-10-25,287.4190,TRUE,TRUE,FALSE,281.9189,280.5390,272.9084
709,2019-10-28,289.0390,TRUE,FALSE,FALSE,282.2301,281.4730,272.9084
710,2019-10-29,288.9533,TRUE,FALSE,FALSE,282.7051,281.4730,272.9084
711,2019-10-30,289.8396,TRUE,FALSE,FALSE,283.4713,281.4730,272.9084
712,2019-10-31,289.0676,TRUE,FALSE,TRUE,284.0865,281.4730,272.9084
713,2019-11-01,291.7455,TRUE,TRUE,FALSE,284.6482,281.4730,277.4917
714,2019-11-04,292.9177,TRUE,FALSE,FALSE,285.3291,282.2493,277.4917
715,2019-11-05,292.5938,TRUE,FALSE,FALSE,286.2106,282.2493,277.4917
716,2019-11-06,292.6605,TRUE,FALSE,FALSE,286.9649,282.2493,277.4917
717,2019-11-07,293.6897,TRUE,FALSE,FALSE,287.6768,282.2493,277.4917
718,2019-11-08,294.4139,TRUE,TRUE,FALSE,288.2801,282.2493,277.4917
719,2019-11-11,293.8517,TRUE,FALSE,FALSE,288.8709,283.2088,277.4917
720,2019-11-12,294.4711,TRUE,FALSE,FALSE,289.3531,283.2088,277.4917
721,2019-11-13,294.5664,TRUE,FALSE,FALSE,289.8630,283.2088,277.4917
722,2019-11-14,294.9952,TRUE,FALSE,FALSE,290.3523,283.2088,277.4917
723,2019-11-15,297.1299,TRUE,TRUE,FALSE,291.0108,283.2088,277.4917
724,2019-11-18,297.3491,TRUE,FALSE,FALSE,291.5840,283.8698,277.4917
725,2019-11-19,297.2633,TRUE,FALSE,FALSE,292.1997,283.8698,277.4917
726,2019-11-20,296.1579,TRUE,FALSE,FALSE,292.7186,283.8698,277.4917
727,2019-11-21,295.6814,TRUE,FALSE,FALSE,293.1903,283.8698,277.4917
728,2019-11-22,296.3390,TRUE,TRUE,FALSE,293.6363,283.8698,277.4917
729,2019-11-25,298.6356,TRUE,FALSE,FALSE,294.1161,284.5865,277.4917
730,2019-11-26,299.3122,TRUE,FALSE,FALSE,294.6341,284.5865,277.4917
731,2019-11-27,300.6464,TRUE,FALSE,FALSE,295.1744,284.5865,277.4917
732,2019-11-29,299.5314,TRUE,TRUE,TRUE,295.6976,284.5865,277.4917
733,2019-12-02,296.9869,TRUE,FALSE,FALSE,295.9597,285.4950,282.1228
734,2019-12-03,294.9952,TRUE,FALSE,FALSE,296.0635,285.4950,282.1228
735,2019-12-04,296.8154,TRUE,FALSE,FALSE,296.2746,285.4950,282.1228
736,2019-12-05,297.3491,TRUE,FALSE,FALSE,296.5090,285.4950,282.1228
737,2019-12-06,300.0651,TRUE,TRUE,FALSE,296.8278,285.4950,282.1228
738,2019-12-09,299.1216,TRUE,FALSE,FALSE,297.0632,286.2907,282.1228
739,2019-12-10,298.7881,TRUE,FALSE,FALSE,297.3100,286.2907,282.1228
740,2019-12-11,299.6363,TRUE,FALSE,FALSE,297.5683,286.2907,282.1228
741,2019-12-12,302.2188,TRUE,FALSE,FALSE,297.9509,286.2907,282.1228
742,2019-12-13,302.3999,TRUE,TRUE,FALSE,298.3211,286.2907,282.1228
743,2019-12-16,304.4774,TRUE,FALSE,FALSE,298.6885,287.7693,282.1228
744,2019-12-17,304.5442,TRUE,FALSE,FALSE,299.0483,287.7693,282.1228
745,2019-12-18,304.5632,TRUE,FALSE,FALSE,299.4133,287.7693,282.1228
746,2019-12-19,305.8116,TRUE,FALSE,FALSE,299.8959,287.7693,282.1228
747,2019-12-20,307.1523,TRUE,TRUE,FALSE,300.4695,287.7693,282.1228
748,2019-12-23,307.6215,TRUE,FALSE,FALSE,301.0336,289.3974,282.1228
749,2019-12-24,307.6311,TRUE,FALSE,FALSE,301.4834,289.3974,282.1228
750,2019-12-26,309.2687,TRUE,FALSE,FALSE,301.9812,289.3974,282.1228
751,2019-12-27,309.1921,TRUE,TRUE,FALSE,302.4085,289.3974,282.1228
752,2019-12-30,307.4874,TRUE,FALSE,FALSE,302.8063,291.1089,282.1228
753,2019-12-31,308.2344,TRUE,TRUE,TRUE,303.3687,291.1089,282.1228
754,2020-01-02,311.1170,TRUE,FALSE,FALSE,304.1748,293.0365,286.2675
755,2020-01-03,308.7612,TRUE,TRUE,FALSE,304.7721,293.0365,286.2675
756,2020-01-06,309.9391,TRUE,FALSE,FALSE,305.4016,294.7617,286.2675
757,2020-01-07,309.0677,TRUE,FALSE,FALSE,305.8517,294.7617,286.2675
758,2020-01-08,310.7148,TRUE,FALSE,FALSE,306.4313,294.7617,286.2675
759,2020-01-09,312.8217,TRUE,FALSE,FALSE,307.1330,294.7617,286.2675
760,2020-01-10,311.9215,TRUE,TRUE,FALSE,307.7473,294.7617,286.2675
761,2020-01-13,314.0667,TRUE,FALSE,FALSE,308.3397,296.5201,286.2675
762,2020-01-14,313.5878,TRUE,FALSE,FALSE,308.8991,296.5201,286.2675
763,2020-01-15,314.2964,TRUE,FALSE,FALSE,309.3900,296.5201,286.2675
764,2020-01-16,316.9109,TRUE,FALSE,FALSE,310.0084,296.5201,286.2675
765,2020-01-17,317.8973,TRUE,TRUE,FALSE,310.6751,296.5201,286.2675
766,2020-01-21,317.2748,TRUE,FALSE,FALSE,311.2482,297.9820,286.2675
767,2020-01-22,317.3131,TRUE,FALSE,FALSE,311.7563,297.9820,286.2675
768,2020-01-23,317.6770,TRUE,FALSE,FALSE,312.2591,297.9820,286.2675
769,2020-01-24,314.8519,TRUE,TRUE,FALSE,312.6201,297.9820,286.2675
770,2020-01-27,309.8050,TRUE,FALSE,FALSE,312.6469,299.1747,286.2675
771,2020-01-28,313.0516,TRUE,FALSE,FALSE,312.8399,299.1747,286.2675
772,2020-01-29,312.7930,TRUE,FALSE,FALSE,313.1052,299.1747,286.2675
773,2020-01-30,313.8081,TRUE,FALSE,FALSE,313.3838,299.1747,286.2675
774,2020-01-31,308.1100,TRUE,TRUE,TRUE,313.2335,299.1747,286.2675
775,2020-02-03,310.3987,TRUE,FALSE,FALSE,313.3154,301.0060,286.8835
776,2020-02-04,315.1296,TRUE,FALSE,FALSE,313.5749,301.0060,286.8835
777,2020-02-05,318.7688,TRUE,FALSE,FALSE,314.0599,301.0060,286.8835
778,2020-02-06,319.8414,TRUE,FALSE,FALSE,314.5163,301.0060,286.8835
779,2020-02-07,318.1368,TRUE,TRUE,FALSE,314.7820,301.0060,286.8835
780,2020-02-10,320.5118,TRUE,FALSE,FALSE,315.2115,303.1459,286.8835
781,2020-02-11,321.0673,TRUE,FALSE,FALSE,315.5616,303.1459,286.8835
782,2020-02-12,323.1358,TRUE,FALSE,FALSE,316.0390,303.1459,286.8835
783,2020-02-13,322.7910,TRUE,FALSE,FALSE,316.4637,303.1459,286.8835
784,2020-02-14,323.3081,TRUE,TRUE,FALSE,316.7836,303.1459,286.8835
785,2020-02-18,322.4750,TRUE,FALSE,FALSE,317.0124,304.9966,286.8835
786,2020-02-19,324.0168,TRUE,FALSE,FALSE,317.3495,304.9966,286.8835
787,2020-02-20,322.6856,TRUE,FALSE,FALSE,317.6182,304.9966,286.8835
788,2020-02-21,319.3625,TRUE,TRUE,FALSE,317.7024,304.9966,286.8835
789,2020-02-24,308.7708,TRUE,FALSE,FALSE,317.3984,304.9845,286.8835
790,2020-02-25,299.4144,TRUE,FALSE,FALSE,316.8789,304.9845,286.8835
791,2020-02-26,298.3130,TRUE,FALSE,FALSE,316.1419,304.9845,286.8835
792,2020-02-27,284.9153,TRUE,FALSE,FALSE,314.7480,304.9845,286.8835
793,2020-02-28,283.7182,TRUE,TRUE,TRUE,313.2436,304.9845,286.8835
794,2020-03-02,296.0050,TRUE,FALSE,FALSE,312.6383,304.8569,285.7268
795,2020-03-03,287.5297,TRUE,FALSE,FALSE,311.4949,304.8569,285.7268
796,2020-03-04,299.6154,TRUE,FALSE,FALSE,310.7191,304.8569,285.7268
797,2020-03-05,289.6558,TRUE,FALSE,FALSE,309.2635,304.8569,285.7268
798,2020-03-06,284.8674,TRUE,TRUE,FALSE,307.5148,304.8569,285.7268
799,2020-03-09,262.6208,TRUE,FALSE,FALSE,304.7390,303.1656,285.7268
800,2020-03-10,276.2101,TRUE,FALSE,FALSE,302.5239,303.1656,285.7268
801,2020-03-11,262.7454,TRUE,FALSE,FALSE,299.6078,303.1656,285.7268
802,2020-03-12,237.6066,TRUE,FALSE,FALSE,295.3314,303.1656,285.7268
803,2020-03-13,257.9186,TRUE,TRUE,FALSE,292.0877,303.1656,285.7268
804,2020-03-16,229.6963,TRUE,FALSE,FALSE,287.4071,299.4650,285.7268
805,2020-03-17,242.0980,TRUE,FALSE,FALSE,283.3883,299.4650,285.7268
806,2020-03-18,229.8399,TRUE,FALSE,FALSE,278.6794,299.4650,285.7268
807,2020-03-19,230.3283,TRUE,FALSE,FALSE,274.0616,299.4650,285.7268
808,2020-03-20,220.4025,TRUE,TRUE,FALSE,269.1136,299.4650,285.7268
809,2020-03-23,214.7672,TRUE,FALSE,FALSE,264.4134,296.8145,285.7268
810,2020-03-24,234.2258,TRUE,FALSE,FALSE,261.1540,296.8145,285.7268
811,2020-03-25,237.7322,TRUE,FALSE,FALSE,258.1249,296.8145,285.7268
812,2020-03-26,251.6133,TRUE,FALSE,FALSE,256.4598,296.8145,285.7268
813,2020-03-27,244.1189,TRUE,TRUE,FALSE,254.4799,296.8145,285.7268
814,2020-03-30,252.0468,TRUE,FALSE,FALSE,252.2820,293.9516,285.7268
815,2020-03-31,248.2899,TRUE,FALSE,TRUE,250.3200,293.9516,285.7268
816,2020-04-01,237.1157,TRUE,FALSE,FALSE,247.1950,293.9516,285.9147
817,2020-04-02,242.5872,TRUE,FALSE,FALSE,244.8415,293.9516,285.9147
818,2020-04-03,239.0809,TRUE,TRUE,FALSE,242.5522,293.9516,285.9147
819,2020-04-06,255.1390,TRUE,FALSE,FALSE,242.1781,292.3745,285.9147
820,2020-04-07,255.3991,TRUE,FALSE,FALSE,241.1376,292.3745,285.9147
821,2020-04-08,263.9725,TRUE,FALSE,FALSE,241.1989,292.3745,285.9147
822,2020-04-09,267.9894,TRUE,TRUE,FALSE,242.7181,292.3745,285.9147
823,2020-04-13,265.5426,TRUE,FALSE,FALSE,243.0993,291.1772,285.9147
824,2020-04-14,273.3743,TRUE,FALSE,FALSE,245.2832,291.1772,285.9147
825,2020-04-15,267.5656,TRUE,FALSE,FALSE,246.5566,291.1772,285.9147
826,2020-04-16,268.8564,TRUE,FALSE,FALSE,248.5074,291.1772,285.9147
827,2020-04-17,276.1197,TRUE,TRUE,FALSE,250.7969,291.1772,285.9147
828,2020-04-20,271.2550,TRUE,FALSE,FALSE,253.3396,289.6864,285.9147
829,2020-04-21,263.0188,TRUE,FALSE,FALSE,255.7522,289.6864,285.9147
830,2020-04-22,268.8564,TRUE,FALSE,FALSE,257.4837,289.6864,285.9147
831,2020-04-23,268.8371,TRUE,FALSE,FALSE,259.0389,289.6864,285.9147
832,2020-04-24,272.5844,TRUE,TRUE,FALSE,260.0875,289.6864,285.9147
833,2020-04-27,276.5146,TRUE,FALSE,FALSE,261.7073,287.9493,285.9147
834,2020-04-28,275.2430,TRUE,FALSE,FALSE,262.8671,287.9493,285.9147
835,2020-04-29,282.4485,TRUE,FALSE,FALSE,264.5750,287.9493,285.9147
836,2020-04-30,279.8187,TRUE,FALSE,TRUE,266.7102,287.9493,285.9147
837,2020-05-01,272.4109,TRUE,TRUE,FALSE,268.2013,287.9493,287.0155
838,2020-05-04,273.1623,TRUE,FALSE,FALSE,269.9054,286.5751,287.0155
839,2020-05-05,275.6861,TRUE,FALSE,FALSE,270.9328,286.5751,287.0155
840,2020-05-06,273.8174,TRUE,FALSE,FALSE,271.8537,286.5751,287.0155
841,2020-05-07,277.1215,TRUE,FALSE,FALSE,272.5111,286.5751,287.0155
842,2020-05-08,281.7067,TRUE,TRUE,FALSE,273.1970,286.5751,287.0155
843,2020-05-11,281.7645,TRUE,FALSE,FALSE,274.0081,284.9520,287.0155
844,2020-05-12,276.1485,TRUE,FALSE,FALSE,274.1468,284.9520,287.0155
845,2020-05-13,271.2646,TRUE,FALSE,FALSE,274.3318,284.9520,287.0155
846,2020-05-14,274.5109,TRUE,FALSE,FALSE,274.6145,284.9520,287.0155
847,2020-05-15,275.7728,TRUE,TRUE,FALSE,274.5971,284.9520,287.0155
848,2020-05-18,284.1728,TRUE,FALSE,FALSE,275.2430,283.7438,287.0155
849,2020-05-19,281.2540,TRUE,FALSE,FALSE,276.1548,283.7438,287.0155
850,2020-05-20,286.0320,TRUE,FALSE,FALSE,277.0136,283.7438,287.0155
851,2020-05-21,284.0572,TRUE,FALSE,FALSE,277.7746,283.7438,287.0155
852,2020-05-22,284.5966,TRUE,TRUE,FALSE,278.3752,283.7438,287.0155
853,2020-05-26,288.1030,TRUE,FALSE,FALSE,278.9546,282.8052,287.0155
854,2020-05-27,292.3897,TRUE,FALSE,FALSE,279.8119,282.8052,287.0155
855,2020-05-28,291.8503,TRUE,FALSE,FALSE,280.2820,282.8052,287.0155
856,2020-05-29,293.1507,TRUE,TRUE,TRUE,280.9486,282.8052,287.0155
857,2020-06-01,294.3356,TRUE,FALSE,FALSE,282.0449,282.2913,289.1087
858,2020-06-02,296.7727,TRUE,FALSE,FALSE,283.2254,282.2913,289.1087
859,2020-06-03,300.7223,TRUE,FALSE,FALSE,284.4772,282.2913,289.1087
860,2020-06-04,299.9323,TRUE,FALSE,FALSE,285.7829,282.2913,289.1087
861,2020-06-05,307.6195,TRUE,TRUE,FALSE,287.3078,282.2913,289.1087
862,2020-06-08,311.3378,TRUE,FALSE,FALSE,288.7894,281.2010,289.1087
863,2020-06-09,309.0162,TRUE,FALSE,FALSE,290.1520,281.2010,289.1087
864,2020-06-10,307.2919,TRUE,FALSE,FALSE,291.7091,281.2010,289.1087
865,2020-06-11,289.5768,TRUE,FALSE,FALSE,292.6248,281.2010,289.1087
866,2020-06-12,293.0447,TRUE,TRUE,FALSE,293.5514,281.2010,289.1087
867,2020-06-15,295.7806,TRUE,FALSE,FALSE,294.5518,280.7265,289.1087
868,2020-06-16,301.4735,TRUE,FALSE,FALSE,295.4169,280.7265,289.1087
869,2020-06-17,300.2213,TRUE,FALSE,FALSE,296.3652,280.7265,289.1087
870,2020-06-18,300.3369,TRUE,FALSE,FALSE,297.0805,280.7265,289.1087
871,2020-06-19,298.6205,TRUE,TRUE,FALSE,297.8087,280.7265,289.1087
872,2020-06-22,300.5362,TRUE,FALSE,FALSE,298.6056,279.3351,289.1087
873,2020-06-23,301.9198,TRUE,FALSE,FALSE,299.2965,279.3351,289.1087
874,2020-06-24,294.2182,TRUE,FALSE,FALSE,299.3879,279.3351,289.1087
875,2020-06-25,297.3724,TRUE,FALSE,FALSE,299.6640,279.3351,289.1087
876,2020-06-26,290.3094,TRUE,TRUE,FALSE,299.5219,279.3351,289.1087
877,2020-06-29,294.5763,TRUE,FALSE,FALSE,299.5340,278.2744,289.1087
878,2020-06-30,298.3496,TRUE,FALSE,TRUE,299.6128,278.2744,289.1087
879,2020-07-01,300.4395,TRUE,FALSE,FALSE,299.5987,278.2744,292.4191
880,2020-07-02,302.0940,TRUE,TRUE,FALSE,299.7068,278.2744,292.4191
881,2020-07-06,306.7575,TRUE,FALSE,FALSE,299.6637,277.6703,292.4191
882,2020-07-07,303.5937,TRUE,FALSE,FALSE,299.2765,277.6703,292.4191
883,2020-07-08,305.9157,TRUE,FALSE,FALSE,299.1214,277.6703,292.4191
884,2020-07-09,304.1742,TRUE,FALSE,FALSE,298.9655,277.6703,292.4191
885,2020-07-10,307.2800,TRUE,TRUE,FALSE,299.8507,277.6703,292.4191
886,2020-07-13,304.6193,TRUE,FALSE,FALSE,300.4294,279.0482,292.4191
887,2020-07-14,308.5668,TRUE,FALSE,FALSE,301.0687,279.0482,292.4191
888,2020-07-15,311.4017,TRUE,FALSE,FALSE,301.5651,279.0482,292.4191
889,2020-07-16,310.3761,TRUE,FALSE,FALSE,302.0729,279.0482,292.4191
890,2020-07-17,311.2759,TRUE,TRUE,FALSE,302.6198,279.0482,292.4191
891,2020-07-20,313.7915,TRUE,FALSE,FALSE,303.3784,280.3280,292.4191
892,2020-07-21,314.4591,TRUE,FALSE,FALSE,304.0745,280.3280,292.4191
893,2020-07-22,316.2490,TRUE,FALSE,FALSE,304.7910,280.3280,292.4191
894,2020-07-23,312.4756,TRUE,FALSE,FALSE,305.7039,280.3280,292.4191
895,2020-07-24,310.4632,TRUE,TRUE,FALSE,306.3584,280.3280,292.4191
896,2020-07-27,312.7272,TRUE,FALSE,FALSE,307.4793,283.2280,292.4191
897,2020-07-28,310.7438,TRUE,FALSE,FALSE,308.2877,283.2280,292.4191
898,2020-07-29,314.5655,TRUE,FALSE,FALSE,309.0985,283.2280,292.4191
899,2020-07-30,313.4432,TRUE,FALSE,FALSE,309.7487,283.2280,292.4191
900,2020-07-31,315.9200,TRUE,TRUE,TRUE,310.4400,283.2280,292.4191
901,2020-08-03,318.1164,TRUE,FALSE,FALSE,311.0079,288.3933,297.3093
902,2020-08-04,319.3451,TRUE,FALSE,FALSE,311.7955,288.3933,297.3093
903,2020-08-05,321.3286,TRUE,FALSE,FALSE,312.5661,288.3933,297.3093
904,2020-08-06,323.4765,TRUE,FALSE,FALSE,313.5312,288.3933,297.3093
905,2020-08-07,323.7087,TRUE,TRUE,FALSE,314.3527,288.3933,297.3093
906,2020-08-10,324.6763,TRUE,FALSE,FALSE,315.3555,292.4827,297.3093
907,2020-08-11,321.9962,TRUE,FALSE,FALSE,316.0270,292.4827,297.3093
908,2020-08-12,326.4856,TRUE,FALSE,FALSE,316.7812,292.4827,297.3093
909,2020-08-13,325.8953,TRUE,FALSE,FALSE,317.5571,292.4827,297.3093
910,2020-08-14,325.9050,TRUE,TRUE,FALSE,318.2886,292.4827,297.3093
911,2020-08-17,326.9403,TRUE,FALSE,FALSE,318.9460,296.9516,297.3093
912,2020-08-18,327.6466,TRUE,FALSE,FALSE,319.6054,296.9516,297.3093
913,2020-08-19,326.2824,TRUE,FALSE,FALSE,320.1071,296.9516,297.3093
914,2020-08-20,327.2983,TRUE,FALSE,FALSE,320.8482,296.9516,297.3093
915,2020-08-21,328.4593,TRUE,TRUE,FALSE,321.7480,296.9516,297.3093
916,2020-08-24,331.7877,TRUE,FALSE,FALSE,322.7010,300.5121,297.3093
917,2020-08-25,332.9487,TRUE,FALSE,FALSE,323.8113,300.5121,297.3093
918,2020-08-26,336.2867,TRUE,FALSE,FALSE,324.8974,300.5121,297.3093
919,2020-08-27,337.0220,TRUE,FALSE,FALSE,326.0763,300.5121,297.3093
920,2020-08-28,339.1990,TRUE,TRUE,FALSE,327.2402,300.5121,297.3093
921,2020-08-31,337.9702,TRUE,FALSE,TRUE,328.2329,303.2785,297.3093
922,2020-09-01,341.1534,TRUE,FALSE,FALSE,329.3234,303.2785,299.8877
923,2020-09-02,346.0879,TRUE,FALSE,FALSE,330.5613,303.2785,299.8877
924,2020-09-03,334.1775,TRUE,FALSE,FALSE,331.0964,303.2785,299.8877
925,2020-09-04,331.4490,TRUE,TRUE,FALSE,331.4834,303.2785,299.8877
926,2020-09-08,322.3929,TRUE,FALSE,FALSE,331.3692,305.8101,299.8877
927,2020-09-09,328.7593,TRUE,FALSE,FALSE,331.7074,305.8101,299.8877
928,2020-09-10,323.0508,TRUE,FALSE,FALSE,331.5356,305.8101,299.8877
929,2020-09-11,323.2153,TRUE,TRUE,FALSE,331.4016,305.8101,299.8877
930,2020-09-14,327.4724,TRUE,FALSE,FALSE,331.4800,308.2494,299.8877
931,2020-09-15,329.1270,TRUE,FALSE,FALSE,331.5893,308.2494,299.8877
932,2020-09-16,327.8208,TRUE,FALSE,FALSE,331.5980,308.2494,299.8877
933,2020-09-17,324.9375,TRUE,FALSE,FALSE,331.5308,308.2494,299.8877
934,2020-09-18,321.1966,TRUE,TRUE,FALSE,331.2257,308.2494,299.8877
935,2020-09-21,317.6218,TRUE,FALSE,FALSE,330.6838,310.1306,299.8877
936,2020-09-22,320.8566,TRUE,FALSE,FALSE,330.1373,310.1306,299.8877
937,2020-09-23,313.4157,TRUE,FALSE,FALSE,329.1606,310.1306,299.8877
938,2020-09-24,314.2510,TRUE,FALSE,FALSE,328.0588,310.1306,299.8877
939,2020-09-25,319.3315,TRUE,TRUE,FALSE,327.1743,310.1306,299.8877
940,2020-09-28,324.6354,TRUE,FALSE,FALSE,326.4461,312.5567,299.8877
941,2020-09-29,322.8674,TRUE,FALSE,FALSE,325.6910,312.5567,299.8877
942,2020-09-30,325.3154,TRUE,FALSE,TRUE,324.8991,312.5567,299.8877
943,2020-10-01,327.4039,TRUE,FALSE,FALSE,323.9649,312.5567,300.7847
944,2020-10-02,324.2954,TRUE,TRUE,FALSE,323.4708,312.5567,300.7847
945,2020-10-05,330.0462,TRUE,FALSE,FALSE,323.4006,315.1736,300.7847
946,2020-10-06,325.3542,TRUE,FALSE,FALSE,323.5487,315.1736,300.7847
947,2020-10-07,331.0175,TRUE,FALSE,FALSE,323.6616,315.1736,300.7847
948,2020-10-08,333.9512,TRUE,FALSE,FALSE,324.2066,315.1736,300.7847
949,2020-10-09,336.9335,TRUE,TRUE,FALSE,324.8926,315.1736,300.7847
950,2020-10-12,342.3539,TRUE,FALSE,FALSE,325.6366,317.3841,300.7847
951,2020-10-13,340.1197,TRUE,FALSE,FALSE,326.1863,317.3841,300.7847
952,2020-10-14,337.9826,TRUE,FALSE,FALSE,326.6944,317.3841,300.7847
953,2020-10-15,337.5648,TRUE,FALSE,FALSE,327.3257,317.3841,300.7847
954,2020-10-16,337.3609,TRUE,TRUE,FALSE,328.1339,317.3841,300.7847
955,2020-10-19,332.2318,TRUE,FALSE,FALSE,328.8644,318.7978,300.7847
956,2020-10-20,333.5626,TRUE,FALSE,FALSE,329.4997,318.7978,300.7847
957,2020-10-21,332.9313,TRUE,FALSE,FALSE,330.4755,318.7978,300.7847
958,2020-10-22,334.7575,TRUE,FALSE,FALSE,331.5008,318.7978,300.7847
959,2020-10-23,335.8941,TRUE,TRUE,FALSE,332.3290,318.7978,300.7847
960,2020-10-26,329.6868,TRUE,FALSE,FALSE,332.5815,320.0058,300.7847
961,2020-10-27,328.5501,TRUE,FALSE,FALSE,332.8657,320.0058,300.7847
962,2020-10-28,317.3207,TRUE,FALSE,FALSE,332.4659,320.0058,300.7847
963,2020-10-29,320.5458,TRUE,FALSE,FALSE,332.1230,320.0058,300.7847
964,2020-10-30,317.2041,TRUE,TRUE,TRUE,331.7685,320.0058,300.7847
965,2020-11-02,320.7595,TRUE,FALSE,FALSE,331.3041,322.0822,305.1445
966,2020-11-03,326.4228,TRUE,FALSE,FALSE,331.3576,322.0822,305.1445
967,2020-11-04,333.7180,TRUE,FALSE,FALSE,331.4926,322.0822,305.1445
968,2020-11-05,340.2265,TRUE,FALSE,FALSE,331.8064,322.0822,305.1445
969,2020-11-06,340.1488,TRUE,TRUE,FALSE,331.9671,322.0822,305.1445
970,2020-11-09,344.4231,TRUE,FALSE,FALSE,332.0706,324.9598,305.1445
971,2020-11-10,343.9179,TRUE,FALSE,FALSE,332.2605,324.9598,305.1445
972,2020-11-11,346.4727,TRUE,FALSE,FALSE,332.6850,324.9598,305.1445
973,2020-11-12,343.1116,TRUE,FALSE,FALSE,332.9623,324.9598,305.1445
974,2020-11-13,347.8618,TRUE,TRUE,FALSE,333.4874,324.9598,305.1445
975,2020-11-16,352.2040,TRUE,FALSE,FALSE,334.4860,327.1137,305.1445
976,2020-11-17,350.3098,TRUE,FALSE,FALSE,335.3233,327.1137,305.1445
977,2020-11-18,346.0938,TRUE,FALSE,FALSE,335.9815,327.1137,305.1445
978,2020-11-19,347.5510,TRUE,FALSE,FALSE,336.6211,327.1137,305.1445
979,2020-11-20,345.1710,TRUE,TRUE,FALSE,337.0850,327.1137,305.1445
980,2020-11-23,347.2401,TRUE,FALSE,FALSE,337.9627,329.4133,305.1445
981,2020-11-24,352.8354,TRUE,FALSE,FALSE,339.1769,329.4133,305.1445
982,2020-11-25,352.2914,TRUE,FALSE,FALSE,340.9255,329.4133,305.1445
983,2020-11-27,353.2726,TRUE,TRUE,FALSE,342.5618,329.4133,305.1445
984,2020-11-30,351.7086,TRUE,FALSE,TRUE,344.2870,331.8133,305.1445
985,2020-12-01,355.5554,TRUE,FALSE,FALSE,346.0268,331.8133,313.2466
986,2020-12-02,356.3033,TRUE,FALSE,FALSE,347.5208,331.8133,313.2466
987,2020-12-03,356.2062,TRUE,FALSE,FALSE,348.6452,331.8133,313.2466
988,2020-12-04,359.2759,TRUE,TRUE,FALSE,349.5977,331.8133,313.2466
989,2020-12-07,358.5376,TRUE,FALSE,FALSE,350.5172,334.0815,313.2466
990,2020-12-08,359.5867,TRUE,FALSE,FALSE,351.2753,334.0815,313.2466
991,2020-12-09,356.3617,TRUE,FALSE,FALSE,351.8975,334.0815,313.2466
992,2020-12-10,356.2451,TRUE,FALSE,FALSE,352.3861,334.0815,313.2466
993,2020-12-11,355.8273,TRUE,TRUE,FALSE,353.0219,334.0815,313.2466
994,2020-12-14,354.2343,TRUE,FALSE,FALSE,353.3406,336.2932,313.2466
995,2020-12-15,359.0233,TRUE,FALSE,FALSE,353.6815,336.2932,313.2466
996,2020-12-16,359.5867,TRUE,FALSE,FALSE,354.1454,336.2932,313.2466
997,2020-12-17,361.5975,TRUE,FALSE,FALSE,354.9206,336.2932,313.2466
998,2020-12-18,360.1537,TRUE,TRUE,FALSE,355.5507,336.2932,313.2466
999,2020-12-21,358.8660,TRUE,FALSE,FALSE,356.2354,338.1066,313.2466
1000,2020-12-22,358.2611,TRUE,FALSE,FALSE,356.7865,338.1066,313.2466
1001,2020-12-23,358.5831,TRUE,FALSE,FALSE,357.0739,338.1066,313.2466
1002,2020-12-24,359.9781,TRUE,TRUE,FALSE,357.4582,338.1066,313.2466
1003,2020-12-28,363.0706,TRUE,FALSE,FALSE,357.9481,340.0483,313.2466
1004,2020-12-29,362.3780,TRUE,FALSE,FALSE,358.4816,340.0483,313.2466
1005,2020-12-30,362.8950,TRUE,FALSE,FALSE,358.8486,340.0483,313.2466
1006,2020-12-31,364.7388,TRUE,TRUE,TRUE,359.2703,340.0483,313.2466
1007,2021-01-04,359.7733,TRUE,FALSE,FALSE,359.4487,342.2223,324.5198
1008,2021-01-05,362.2512,TRUE,FALSE,FALSE,359.5975,342.2223,324.5198
1009,2021-01-06,364.4169,TRUE,FALSE,FALSE,359.8914,342.2223,324.5198
1010,2021-01-07,369.8312,TRUE,FALSE,FALSE,360.4036,342.2223,324.5198
1011,2021-01-08,371.9384,TRUE,TRUE,FALSE,361.1825,342.2223,324.5198
1012,2021-01-11,369.4312,TRUE,FALSE,FALSE,361.8418,343.5881,324.5198
1013,2021-01-12,369.5092,TRUE,FALSE,FALSE,362.5259,343.5881,324.5198
1014,2021-01-13,370.5043,TRUE,FALSE,FALSE,363.3394,343.5881,324.5198
1015,2021-01-14,369.2068,TRUE,FALSE,FALSE,363.8486,343.5881,324.5198
1016,2021-01-15,366.5143,TRUE,TRUE,FALSE,364.1949,343.5881,324.5198
1017,2021-01-19,369.3922,TRUE,FALSE,FALSE,364.5847,345.6915,324.5198
1018,2021-01-20,374.5041,TRUE,FALSE,FALSE,365.3022,345.6915,324.5198
1019,2021-01-21,374.8455,TRUE,FALSE,FALSE,366.1012,345.6915,324.5198
1020,2021-01-22,373.5188,TRUE,TRUE,FALSE,366.8640,345.6915,324.5198
1021,2021-01-25,374.9919,TRUE,FALSE,FALSE,367.6845,347.5819,324.5198
1022,2021-01-26,374.4065,TRUE,FALSE,FALSE,368.4059,347.5819,324.5198
1023,2021-01-27,365.2559,TRUE,FALSE,FALSE,368.5152,347.5819,324.5198
1024,2021-01-28,368.3971,TRUE,FALSE,FALSE,368.8161,347.5819,324.5198
1025,2021-01-29,361.0219,TRUE,TRUE,TRUE,368.7225,347.5819,324.5198
1026,2021-02-01,367.0314,TRUE,FALSE,FALSE,368.8371,350.4336,333.6440
1027,2021-02-02,372.2213,TRUE,FALSE,FALSE,369.4595,350.4336,333.6440
1028,2021-02-03,372.5139,TRUE,FALSE,FALSE,369.9726,350.4336,333.6440
1029,2021-02-04,376.7478,TRUE,FALSE,FALSE,370.5892,350.4336,333.6440
1030,2021-02-05,378.2307,TRUE,TRUE,FALSE,371.0092,350.4336,333.6440
1031,2021-02-08,380.9622,TRUE,FALSE,FALSE,371.4604,353.6190,333.6440
1032,2021-02-09,380.7086,TRUE,FALSE,FALSE,372.0242,353.6190,333.6440
1033,2021-02-10,380.5427,TRUE,FALSE,FALSE,372.5759,353.6190,333.6440
1034,2021-02-11,381.1573,TRUE,FALSE,FALSE,373.1085,353.6190,333.6440
1035,2021-02-12,383.0401,TRUE,TRUE,FALSE,373.8002,353.6190,333.6440
1036,2021-02-16,382.7084,TRUE,FALSE,FALSE,374.6099,356.4289,333.6440
1037,2021-02-17,382.7963,TRUE,FALSE,FALSE,375.2801,356.4289,333.6440
1038,2021-02-18,381.1671,TRUE,FALSE,FALSE,375.6133,356.4289,333.6440
1039,2021-02-19,380.4940,TRUE,TRUE,FALSE,375.8957,356.4289,333.6440
1040,2021-02-22,377.5673,TRUE,FALSE,FALSE,376.0981,358.1353,333.6440
1041,2021-02-23,378.0258,TRUE,FALSE,FALSE,376.2498,358.1353,333.6440
1042,2021-02-24,382.1914,TRUE,FALSE,FALSE,376.6391,358.1353,333.6440
1043,2021-02-25,372.9822,TRUE,FALSE,FALSE,377.0254,358.1353,333.6440
1044,2021-02-26,371.0604,TRUE,TRUE,TRUE,377.1585,358.1353,333.6440
1045,2021-03-01,380.0549,TRUE,FALSE,FALSE,378.1102,359.9798,343.1195
1046,2021-03-02,377.0893,TRUE,FALSE,FALSE,378.6131,359.9798,343.1195
1047,2021-03-03,372.0945,TRUE,FALSE,FALSE,378.6067,359.9798,343.1195
1048,2021-03-04,367.4899,TRUE,FALSE,FALSE,378.3555,359.9798,343.1195
1049,2021-03-05,374.2504,TRUE,TRUE,FALSE,378.2307,359.9798,343.1195
1050,2021-03-08,372.3871,TRUE,FALSE,FALSE,377.9385,362.4063,343.1195
1051,2021-03-09,377.7039,TRUE,FALSE,FALSE,377.7756,362.4063,343.1195
1052,2021-03-10,380.0549,TRUE,FALSE,FALSE,377.7429,362.4063,343.1195
1053,2021-03-11,383.9084,TRUE,FALSE,FALSE,377.9112,362.4063,343.1195
1054,2021-03-12,384.4254,TRUE,TRUE,FALSE,378.0746,362.4063,343.1195
1055,2021-03-15,386.7180,TRUE,FALSE,FALSE,378.2585,365.6062,343.1195
1056,2021-03-16,386.2302,TRUE,FALSE,FALSE,378.4346,365.6062,343.1195
1057,2021-03-17,387.5472,TRUE,FALSE,FALSE,378.6721,365.6062,343.1195
1058,2021-03-18,381.9085,TRUE,FALSE,FALSE,378.7092,365.6062,343.1195
1059,2021-03-19,381.2018,TRUE,TRUE,FALSE,378.7446,365.6062,343.1195
1060,2021-03-22,384.2458,TRUE,FALSE,FALSE,379.0785,367.9770,343.1195
1061,2021-03-23,381.2214,TRUE,FALSE,FALSE,379.2383,367.9770,343.1195
1062,2021-03-24,379.2835,TRUE,FALSE,FALSE,379.0929,367.9770,343.1195
1063,2021-03-25,381.4172,TRUE,FALSE,FALSE,379.5146,367.9770,343.1195
1064,2021-03-26,387.5638,TRUE,TRUE,FALSE,380.3398,367.9770,343.1195
1065,2021-03-29,387.3679,TRUE,FALSE,FALSE,380.7055,370.1886,343.1195
1066,2021-03-30,386.3402,TRUE,FALSE,FALSE,381.1680,370.1886,343.1195
1067,2021-03-31,387.9063,TRUE,FALSE,TRUE,381.9586,370.1886,343.1195
1068,2021-04-01,392.0953,TRUE,TRUE,FALSE,383.1889,370.1886,354.1276
1069,2021-04-05,397.7231,TRUE,FALSE,FALSE,384.3625,373.0673,354.1276
1070,2021-04-06,397.4882,TRUE,FALSE,FALSE,385.6175,373.0673,354.1276
1071,2021-04-07,397.9482,TRUE,FALSE,FALSE,386.6298,373.0673,354.1276
1072,2021-04-08,399.8372,TRUE,FALSE,FALSE,387.6189,373.0673,354.1276
1073,2021-04-09,402.7441,TRUE,TRUE,FALSE,388.5607,373.0673,354.1276
1074,2021-04-12,402.8909,TRUE,FALSE,FALSE,389.4839,375.8232,354.1276
1075,2021-04-13,404.0849,TRUE,FALSE,FALSE,390.3523,375.8232,354.1276
1076,2021-04-14,402.7049,TRUE,FALSE,FALSE,391.1760,375.8232,354.1276
1077,2021-04-15,407.0309,TRUE,FALSE,FALSE,392.1502,375.8232,354.1276
1078,2021-04-16,408.3914,TRUE,TRUE,FALSE,393.4743,375.8232,354.1276
1079,2021-04-19,406.3849,TRUE,FALSE,FALSE,394.7335,378.2536,354.1276
1080,2021-04-20,403.4096,TRUE,FALSE,FALSE,395.6917,378.2536,354.1276
1081,2021-04-21,407.2267,TRUE,FALSE,FALSE,396.9920,378.2536,354.1276
1082,2021-04-22,403.5074,TRUE,FALSE,FALSE,398.2032,378.2536,354.1276
1083,2021-04-23,407.8825,TRUE,TRUE,FALSE,399.5264,378.2536,354.1276
1084,2021-04-26,408.7339,TRUE,FALSE,FALSE,400.5849,380.8837,354.1276
1085,2021-04-27,408.6459,TRUE,FALSE,FALSE,401.6488,380.8837,354.1276
1086,2021-04-28,408.5284,TRUE,FALSE,FALSE,402.7582,380.8837,354.1276
1087,2021-04-29,411.1319,TRUE,FALSE,FALSE,403.9195,380.8837,354.1276
1088,2021-04-30,408.4305,TRUE,TRUE,TRUE,404.7363,380.8837,354.1276
1089,2021-05-03,409.3114,TRUE,FALSE,FALSE,405.3157,383.5334,363.6469
1090,2021-05-04,406.7863,TRUE,FALSE,FALSE,405.7806,383.5334,363.6469
1091,2021-05-05,406.9135,TRUE,FALSE,FALSE,406.2289,383.5334,363.6469
1092,2021-05-06,410.1629,TRUE,FALSE,FALSE,406.7451,383.5334,363.6469
1093,2021-05-07,413.1481,TRUE,TRUE,FALSE,407.2653,383.5334,363.6469
1094,2021-05-10,409.0569,TRUE,FALSE,FALSE,407.5737,385.9208,363.6469
1095,2021-05-11,405.4062,TRUE,FALSE,FALSE,407.6397,385.9208,363.6469
1096,2021-05-12,396.7933,TRUE,FALSE,FALSE,407.3441,385.9208,363.6469
1097,2021-05-13,401.5598,TRUE,FALSE,FALSE,407.0706,385.9208,363.6469
1098,2021-05-14,407.7259,TRUE,TRUE,FALSE,407.0373,385.9208,363.6469
1099,2021-05-17,406.6884,TRUE,FALSE,FALSE,407.0525,387.9899,363.6469
1100,2021-05-18,403.1845,TRUE,FALSE,FALSE,407.0412,387.9899,363.6469
1101,2021-05-19,402.1274,TRUE,FALSE,FALSE,406.7863,387.9899,363.6469
1102,2021-05-20,406.4535,TRUE,FALSE,FALSE,406.9336,387.9899,363.6469
1103,2021-05-21,406.1207,TRUE,TRUE,FALSE,406.8455,387.9899,363.6469
1104,2021-05-24,410.2608,TRUE,FALSE,FALSE,406.9218,389.9486,363.6469
1105,2021-05-25,409.3506,TRUE,FALSE,FALSE,406.9570,389.9486,363.6469
1106,2021-05-26,410.1629,TRUE,FALSE,FALSE,407.0388,389.9486,363.6469
1107,2021-05-27,410.3783,TRUE,FALSE,FALSE,407.0011,389.9486,363.6469
1108,2021-05-28,411.1123,TRUE,TRUE,TRUE,407.1352,389.9486,363.6469
1109,2021-06-01,410.7502,TRUE,FALSE,FALSE,407.2071,392.3038,371.8831
1110,2021-06-02,411.3961,TRUE,FALSE,FALSE,407.4376,392.3038,371.8831
1111,2021-06-03,409.8693,TRUE,FALSE,FALSE,407.5854,392.3038,371.8831
1112,2021-06-04,413.6179,TRUE,TRUE,FALSE,407.7581,392.3038,371.8831
1113,2021-06-07,413.2166,TRUE,FALSE,FALSE,407.7616,394.3924,371.8831
1114,2021-06-08,413.3047,TRUE,FALSE,FALSE,407.9740,394.3924,371.8831
1115,2021-06-09,412.6881,TRUE,FALSE,FALSE,408.3381,394.3924,371.8831
1116,2021-06-10,414.6064,TRUE,FALSE,FALSE,409.2287,394.3924,371.8831
1117,2021-06-11,415.2916,TRUE,TRUE,FALSE,409.9153,394.3924,371.8831
1118,2021-06-14,416.2214,TRUE,FALSE,FALSE,410.3401,396.7128,371.8831
1119,2021-06-15,415.4579,TRUE,FALSE,FALSE,410.7786,396.7128,371.8831
1120,2021-06-16,413.1383,TRUE,FALSE,FALSE,411.2763,396.7128,371.8831
1121,2021-06-17,413.0013,TRUE,FALSE,FALSE,411.8199,396.7128,371.8831
1122,2021-06-18,407.4297,TRUE,TRUE,FALSE,411.8688,396.7128,371.8831
1123,2021-06-21,413.2625,TRUE,FALSE,FALSE,412.2259,398.7467,371.8831
1124,2021-06-22,415.4719,TRUE,FALSE,FALSE,412.4864,398.7467,371.8831
1125,2021-06-23,414.9711,TRUE,FALSE,FALSE,412.7674,398.7467,371.8831
1126,2021-06-24,417.4260,TRUE,FALSE,FALSE,413.1306,398.7467,371.8831
1127,2021-06-25,418.9087,TRUE,TRUE,FALSE,413.5571,398.7467,371.8831
1128,2021-06-28,419.7532,TRUE,FALSE,FALSE,413.9891,400.8892,371.8831
1129,2021-06-29,419.9791,TRUE,FALSE,FALSE,414.4506,400.8892,371.8831
1130,2021-06-30,420.3325,TRUE,FALSE,TRUE,414.8974,400.8892,371.8831
1131,2021-07-01,422.6597,TRUE,FALSE,FALSE,415.5369,400.8892,382.4109
1132,2021-07-02,425.8904,TRUE,TRUE,FALSE,416.1506,400.8892,382.4109
1133,2021-07-06,425.1146,TRUE,FALSE,FALSE,416.7455,403.2474,382.4109
1134,2021-07-07,426.6170,TRUE,FALSE,FALSE,417.4111,403.2474,382.4109
1135,2021-07-08,423.1409,TRUE,FALSE,FALSE,417.9337,403.2474,382.4109
1136,2021-07-09,427.6578,TRUE,TRUE,FALSE,418.5863,403.2474,382.4109
1137,2021-07-12,429.1897,TRUE,FALSE,FALSE,419.2812,405.8721,382.4109
1138,2021-07-13,427.7266,TRUE,FALSE,FALSE,419.8564,405.8721,382.4109
1139,2021-07-14,428.3649,TRUE,FALSE,FALSE,420.5018,405.8721,382.4109
1140,2021-07-15,426.9018,TRUE,FALSE,FALSE,421.1900,405.8721,382.4109
1141,2021-07-16,423.5533,TRUE,TRUE,FALSE,421.7176,405.8721,382.4109
1142,2021-07-19,417.2983,TRUE,FALSE,FALSE,422.2110,408.7595,382.4109
1143,2021-07-20,423.2784,TRUE,FALSE,FALSE,422.7118,408.7595,382.4109
1144,2021-07-21,426.7054,TRUE,FALSE,FALSE,423.2735,408.7595,382.4109
1145,2021-07-22,427.5989,TRUE,FALSE,FALSE,423.9048,408.7595,382.4109
1146,2021-07-23,431.9980,TRUE,TRUE,FALSE,424.6335,408.7595,382.4109
1147,2021-07-26,433.0585,TRUE,FALSE,FALSE,425.3409,411.0679,382.4109
1148,2021-07-27,431.0849,TRUE,FALSE,FALSE,425.9075,411.0679,382.4109
1149,2021-07-28,430.9081,TRUE,FALSE,FALSE,426.4540,411.0679,382.4109
1150,2021-07-29,432.6953,TRUE,FALSE,FALSE,427.0721,411.0679,382.4109
1151,2021-07-30,430.5939,TRUE,TRUE,TRUE,427.4688,411.0679,382.4109
1152,2021-08-02,429.6905,TRUE,FALSE,FALSE,427.6588,413.7329,395.0313
1153,2021-08-03,433.1862,TRUE,FALSE,FALSE,428.0624,413.7329,395.0313
1154,2021-08-04,431.0554,TRUE,FALSE,FALSE,428.2843,413.7329,395.0313
1155,2021-08-05,433.7852,TRUE,FALSE,FALSE,428.8165,413.7329,395.0313
1156,2021-08-06,434.5020,TRUE,TRUE,FALSE,429.1588,413.7329,395.0313
1157,2021-08-09,434.1485,TRUE,FALSE,FALSE,429.4067,416.2482,395.0313
1158,2021-08-10,434.6886,TRUE,FALSE,FALSE,429.7548,416.2482,395.0313
1159,2021-08-11,435.7687,TRUE,FALSE,FALSE,430.1250,416.2482,395.0313
1160,2021-08-12,437.0747,TRUE,FALSE,FALSE,430.6336,416.2482,395.0313
1161,2021-08-13,437.8701,TRUE,TRUE,FALSE,431.3495,416.2482,395.0313
1162,2021-08-16,438.9012,TRUE,FALSE,FALSE,432.4296,418.4113,395.0313
1163,2021-08-17,436.0241,TRUE,FALSE,FALSE,433.0669,418.4113,395.0313
1164,2021-08-18,431.2518,TRUE,FALSE,FALSE,433.2942,418.4113,395.0313
1165,2021-08-19,431.9195,TRUE,FALSE,FALSE,433.5103,418.4113,395.0313
1166,2021-08-20,435.3563,TRUE,TRUE,FALSE,433.6782,418.4113,395.0313
1167,2021-08-23,439.1859,TRUE,FALSE,FALSE,433.9845,420.3802,395.0313
1168,2021-08-24,439.8831,TRUE,FALSE,FALSE,434.4245,420.3802,395.0313
1169,2021-08-25,440.8062,TRUE,FALSE,FALSE,434.9194,420.3802,395.0313
1170,2021-08-26,438.2040,TRUE,FALSE,FALSE,435.1948,420.3802,395.0313
1171,2021-08-27,442.1219,TRUE,TRUE,FALSE,435.7712,420.3802,395.0313
1172,2021-08-30,444.0662,TRUE,FALSE,FALSE,436.4900,422.2056,395.0313
1173,2021-08-31,443.4083,TRUE,FALSE,TRUE,437.0011,422.2056,395.0313
1174,2021-09-01,443.6440,TRUE,FALSE,FALSE,437.6305,422.2056,402.1348
1175,2021-09-02,445.0089,TRUE,FALSE,FALSE,438.1917,422.2056,402.1348
1176,2021-09-03,444.9008,TRUE,TRUE,FALSE,438.7116,422.2056,402.1348
1177,2021-09-07,443.3101,TRUE,FALSE,FALSE,439.1697,423.6814,402.1348
1178,2021-09-08,442.7700,TRUE,FALSE,FALSE,439.5738,423.6814,402.1348
1179,2021-09-09,440.8749,TRUE,FALSE,FALSE,439.8291,423.6814,402.1348
1180,2021-09-10,437.3988,TRUE,TRUE,FALSE,439.8453,423.6814,402.1348
1181,2021-09-13,438.5182,TRUE,FALSE,FALSE,439.8777,425.0009,402.1348
1182,2021-09-14,436.1517,TRUE,FALSE,FALSE,439.7402,425.0009,402.1348
1183,2021-09-15,439.7948,TRUE,FALSE,FALSE,439.9288,425.0009,402.1348
1184,2021-09-16,439.0976,TRUE,FALSE,FALSE,440.3211,425.0009,402.1348
1185,2021-09-17,434.8203,TRUE,TRUE,FALSE,440.4661,425.0009,402.1348
1186,2021-09-20,427.5700,TRUE,FALSE,FALSE,440.0768,426.2082,402.1348
1187,2021-09-21,427.1661,TRUE,FALSE,FALSE,439.4758,426.2082,402.1348
1188,2021-09-22,431.3331,TRUE,FALSE,FALSE,439.0483,426.2082,402.1348
1189,2021-09-23,436.5738,TRUE,FALSE,FALSE,438.8367,426.2082,402.1348
1190,2021-09-24,437.2929,TRUE,TRUE,FALSE,438.7911,426.2082,402.1348
1191,2021-09-27,436.0418,TRUE,FALSE,FALSE,438.4871,427.2102,402.1348
1192,2021-09-28,427.2548,TRUE,FALSE,FALSE,437.6465,427.2102,402.1348
1193,2021-09-29,427.9739,TRUE,FALSE,FALSE,436.8748,427.2102,402.1348
1194,2021-09-30,422.7430,TRUE,FALSE,TRUE,435.8298,427.2102,402.1348
1195,2021-10-01,427.7670,TRUE,TRUE,FALSE,434.9677,427.2102,410.9013
1196,2021-10-04,422.2505,TRUE,FALSE,FALSE,433.8352,428.4708,410.9013
1197,2021-10-05,426.6440,TRUE,FALSE,FALSE,433.0018,428.4708,410.9013
1198,2021-10-06,428.4172,TRUE,FALSE,FALSE,432.2842,428.4708,410.9013
1199,2021-10-07,432.1211,TRUE,FALSE,FALSE,431.8465,428.4708,410.9013
1200,2021-10-08,431.3331,TRUE,TRUE,FALSE,431.5432,428.4708,410.9013
1201,2021-10-11,428.2103,TRUE,FALSE,FALSE,431.0278,429.8764,410.9013
1202,2021-10-12,427.1563,TRUE,FALSE,FALSE,430.5781,429.8764,410.9013
1203,2021-10-13,428.6930,TRUE,FALSE,FALSE,430.0230,429.8764,410.9013
1204,2021-10-14,435.9039,TRUE,FALSE,FALSE,429.8633,429.8764,410.9013
1205,2021-10-15,439.2237,TRUE,TRUE,FALSE,430.0835,429.8764,410.9013
1206,2021-10-18,440.5240,TRUE,FALSE,FALSE,430.7312,431.5138,410.9013
1207,2021-10-19,443.9226,TRUE,FALSE,FALSE,431.5690,431.5138,410.9013
1208,2021-10-20,445.6661,TRUE,FALSE,FALSE,432.2856,431.5138,410.9013
1209,2021-10-21,446.8286,TRUE,FALSE,FALSE,432.7984,431.5138,410.9013
1210,2021-10-22,446.3656,TRUE,TRUE,FALSE,433.2520,431.5138,410.9013
1211,2021-10-25,448.7593,TRUE,FALSE,FALSE,433.8879,433.3694,410.9013
1212,2021-10-26,449.1632,TRUE,FALSE,FALSE,434.9833,433.3694,410.9013
1213,2021-10-27,447.1733,TRUE,FALSE,FALSE,435.9433,433.3694,410.9013
1214,2021-10-28,451.4881,TRUE,FALSE,FALSE,437.3805,433.3694,410.9013
1215,2021-10-29,452.4042,TRUE,TRUE,TRUE,438.6124,433.3694,410.9013
1216,2021-11-01,453.1824,TRUE,FALSE,FALSE,440.1590,436.0752,419.6761
1217,2021-11-02,455.0146,TRUE,FALSE,FALSE,441.5775,436.0752,419.6761
1218,2021-11-03,457.7926,TRUE,FALSE,FALSE,443.0463,436.0752,419.6761
1219,2021-11-04,459.9500,TRUE,FALSE,FALSE,444.4377,436.0752,419.6761
1220,2021-11-05,461.5459,TRUE,TRUE,FALSE,445.9484,436.0752,419.6761
1221,2021-11-08,461.9399,TRUE,FALSE,FALSE,447.6349,438.1450,419.6761
1222,2021-11-09,460.4130,TRUE,FALSE,FALSE,449.2977,438.1450,419.6761
1223,2021-11-10,456.7091,TRUE,FALSE,FALSE,450.6985,438.1450,419.6761
1224,2021-11-11,456.8568,TRUE,FALSE,FALSE,451.7462,438.1450,419.6761
1225,2021-11-12,460.3047,TRUE,TRUE,FALSE,452.8002,438.1450,419.6761
1226,2021-11-15,460.4622,TRUE,FALSE,FALSE,453.7971,439.9455,419.6761
1227,2021-11-16,462.2847,TRUE,FALSE,FALSE,454.7152,439.9455,419.6761
1228,2021-11-17,461.1617,TRUE,FALSE,FALSE,455.4900,439.9455,419.6761
1229,2021-11-18,462.7280,TRUE,FALSE,FALSE,456.2850,439.9455,419.6761
1230,2021-11-19,461.9005,TRUE,TRUE,FALSE,457.0617,439.9455,419.6761
1231,2021-11-22,460.6002,TRUE,FALSE,FALSE,457.6538,441.1691,419.6761
1232,2021-11-23,461.2109,TRUE,FALSE,FALSE,458.2561,441.1691,419.6761
1233,2021-11-24,462.4423,TRUE,FALSE,FALSE,459.0196,441.1691,419.6761
1234,2021-11-26,452.1284,TRUE,TRUE,FALSE,459.0516,441.1691,419.6761
1235,2021-11-29,457.6745,TRUE,FALSE,FALSE,459.3151,442.3245,419.6761
1236,2021-11-30,448.7692,TRUE,FALSE,TRUE,459.0945,442.3245,419.6761
1237,2021-12-01,443.7846,TRUE,FALSE,FALSE,458.5330,442.3245,429.5224
1238,2021-12-02,450.5818,TRUE,FALSE,FALSE,458.1724,442.3245,429.5224
1239,2021-12-03,446.6611,TRUE,TRUE,FALSE,457.5080,442.3245,429.5224
1240,2021-12-06,451.9511,TRUE,FALSE,FALSE,457.0282,443.9107,429.5224
1241,2021-12-07,461.2996,TRUE,FALSE,FALSE,456.9962,443.9107,429.5224
1242,2021-12-08,462.5211,TRUE,FALSE,FALSE,457.1016,443.9107,429.5224
1243,2021-12-09,459.3984,TRUE,FALSE,FALSE,457.2361,443.9107,429.5224
1244,2021-12-10,463.7229,TRUE,TRUE,FALSE,457.5794,443.9107,429.5224
1245,2021-12-13,459.6151,TRUE,FALSE,FALSE,457.5449,445.1113,429.5224
1246,2021-12-14,456.4529,TRUE,FALSE,FALSE,457.3444,445.1113,429.5224
1247,2021-12-15,463.5850,TRUE,FALSE,FALSE,457.4095,445.1113,429.5224
1248,2021-12-16,459.4969,TRUE,FALSE,FALSE,457.3262,445.1113,429.5224
1249,2021-12-17,454.6065,TRUE,TRUE,FALSE,456.9201,445.1113,429.5224
1250,2021-12-20,449.7725,TRUE,FALSE,FALSE,456.3137,446.6469,429.5224
1251,2021-12-21,457.7600,TRUE,FALSE,FALSE,456.1717,446.6469,429.5224
1252,2021-12-22,462.3370,TRUE,FALSE,FALSE,456.2280,446.6469,429.5224
1253,2021-12-23,465.2137,TRUE,TRUE,FALSE,456.3666,446.6469,429.5224
1254,2021-12-27,471.7975,TRUE,FALSE,FALSE,457.3501,448.2296,429.5224
1255,2021-12-28,471.4119,TRUE,FALSE,FALSE,458.0369,448.2296,429.5224
1256,2021-12-29,472.0150,TRUE,FALSE,FALSE,459.1992,448.2296,429.5224
1257,2021-12-30,470.7101,TRUE,FALSE,FALSE,460.5455,448.2296,429.5224
1258,2021-12-31,469.5238,TRUE,TRUE,TRUE,461.4926,448.2296,429.5224
1259,2022-01-03,472.2423,TRUE,FALSE,FALSE,462.7717,449.4995,435.2078
1260,2022-01-04,472.0841,TRUE,FALSE,FALSE,463.7783,449.4995,435.2078
1261,2022-01-05,463.0191,TRUE,FALSE,FALSE,463.8643,449.4995,435.2078
1262,2022-01-06,462.5841,TRUE,FALSE,FALSE,463.8674,449.4995,435.2078
1263,2022-01-07,460.7553,TRUE,TRUE,FALSE,463.9353,449.4995,435.2078
1264,2022-01-10,460.1819,TRUE,FALSE,FALSE,463.7582,450.3635,435.2078
1265,2022-01-11,464.3734,TRUE,FALSE,FALSE,463.9961,450.3635,435.2078
1266,2022-01-12,465.6289,TRUE,FALSE,FALSE,464.4549,450.3635,435.2078
1267,2022-01-13,459.2132,TRUE,FALSE,FALSE,464.2364,450.3635,435.2078
1268,2022-01-14,459.4010,TRUE,TRUE,FALSE,464.2316,450.3635,435.2078
1269,2022-01-18,451.2652,TRUE,FALSE,FALSE,464.0645,449.7668,435.2078
1270,2022-01-19,446.5794,TRUE,FALSE,FALSE,463.9048,449.7668,435.2078
1271,2022-01-20,441.6367,TRUE,FALSE,FALSE,463.0987,449.7668,435.2078
1272,2022-01-21,432.9671,TRUE,TRUE,FALSE,461.6302,449.7668,435.2078
1273,2022-01-24,434.8058,TRUE,FALSE,FALSE,460.1098,449.7415,435.2078
1274,2022-01-25,429.4972,TRUE,FALSE,FALSE,457.9948,449.7415,435.2078
1275,2022-01-26,428.4197,TRUE,FALSE,FALSE,455.8452,449.7415,435.2078
1276,2022-01-27,426.3042,TRUE,FALSE,FALSE,453.5596,449.7415,435.2078
1277,2022-01-28,436.8916,TRUE,TRUE,FALSE,451.8687,449.7415,435.2078
1278,2022-01-31,444.7605,TRUE,FALSE,TRUE,450.6305,450.1787,435.2078
1279,2022-02-01,447.7657,TRUE,FALSE,FALSE,449.4067,450.1787,437.5280
1280,2022-02-02,452.1154,TRUE,FALSE,FALSE,448.4083,450.1787,437.5280
1281,2022-02-03,441.4884,TRUE,FALSE,FALSE,447.3317,450.1787,437.5280
1282,2022-02-04,443.5644,TRUE,TRUE,FALSE,446.3807,450.1787,437.5280
1283,2022-02-07,442.1409,TRUE,FALSE,FALSE,445.4500,450.0849,437.5280
1284,2022-02-08,445.7787,TRUE,FALSE,FALSE,444.7299,450.0849,437.5280
1285,2022-02-09,452.3032,TRUE,FALSE,FALSE,444.1263,450.0849,437.5280
1286,2022-02-10,444.1772,TRUE,FALSE,FALSE,443.0538,450.0849,437.5280
1287,2022-02-11,435.4186,TRUE,TRUE,FALSE,441.8640,450.0849,437.5280
1288,2022-02-14,433.9951,TRUE,FALSE,FALSE,440.5937,450.1596,437.5280
1289,2022-02-15,440.9941,TRUE,FALSE,FALSE,440.0802,450.1596,437.5280
1290,2022-02-16,441.4884,TRUE,FALSE,FALSE,439.8256,450.1596,437.5280
1291,2022-02-17,432.0576,TRUE,FALSE,FALSE,439.3467,450.1596,437.5280
1292,2022-02-18,429.2600,TRUE,TRUE,FALSE,439.1613,450.1596,437.5280
1293,2022-02-22,424.6533,TRUE,FALSE,FALSE,438.6537,450.2299,437.5280
1294,2022-02-23,417.1205,TRUE,FALSE,FALSE,438.0349,450.2299,437.5280
1295,2022-02-24,423.3978,TRUE,FALSE,FALSE,437.7838,450.2299,437.5280
1296,2022-02-25,432.7397,TRUE,TRUE,FALSE,438.1056,450.2299,437.5280
1297,2022-02-28,431.6325,TRUE,FALSE,TRUE,437.8426,449.6299,437.5280
1298,2022-03-01,425.0586,TRUE,FALSE,FALSE,436.8575,449.6299,441.2026
1299,2022-03-02,432.8781,TRUE,FALSE,FALSE,436.1131,449.6299,441.2026
1300,2022-03-03,430.7230,TRUE,FALSE,FALSE,435.0435,449.6299,441.2026
1301,2022-03-04,427.2236,TRUE,TRUE,FALSE,434.3303,449.6299,441.2026
1302,2022-03-07,414.6293,TRUE,FALSE,FALSE,432.8835,448.0747,441.2026
1303,2022-03-08,411.4858,TRUE,FALSE,FALSE,431.3508,448.0747,441.2026
1304,2022-03-09,422.5180,TRUE,FALSE,FALSE,430.1877,448.0747,441.2026
1305,2022-03-10,420.6101,TRUE,FALSE,FALSE,428.6031,448.0747,441.2026
1306,2022-03-11,415.2621,TRUE,TRUE,FALSE,427.1573,448.0747,441.2026
1307,2022-03-14,412.2272,TRUE,FALSE,FALSE,425.9977,447.4944,441.2026
1308,2022-03-15,421.2922,TRUE,FALSE,FALSE,425.3626,447.4944,441.2026
1309,2022-03-16,430.6340,TRUE,FALSE,FALSE,424.8446,447.4944,441.2026
1310,2022-03-17,436.0217,TRUE,FALSE,FALSE,424.5713,447.4944,441.2026
1311,2022-03-18,440.7973,TRUE,TRUE,FALSE,425.0082,447.4944,441.2026
1312,2022-03-21,440.6684,TRUE,FALSE,FALSE,425.5787,446.8621,441.2026
1313,2022-03-22,445.8249,TRUE,FALSE,FALSE,426.6372,446.8621,441.2026
1314,2022-03-23,440.0834,TRUE,FALSE,FALSE,427.7854,446.8621,441.2026
1315,2022-03-24,446.7173,TRUE,FALSE,FALSE,428.9514,446.8621,441.2026
1316,2022-03-25,448.8989,TRUE,TRUE,FALSE,429.7593,446.8621,441.2026
1317,2022-03-28,452.0919,TRUE,FALSE,FALSE,430.7823,446.3032,441.2026
1318,2022-03-29,457.6847,TRUE,FALSE,FALSE,432.4136,446.3032,441.2026
1319,2022-03-30,454.8586,TRUE,FALSE,FALSE,433.5126,446.3032,441.2026
1320,2022-03-31,447.8578,TRUE,FALSE,TRUE,434.3694,446.3032,441.2026
1321,2022-04-01,449.1270,TRUE,TRUE,FALSE,435.4645,446.3032,440.0243
1322,2022-04-04,452.9745,TRUE,FALSE,FALSE,437.3818,445.3992,440.0243
1323,2022-04-05,447.2528,TRUE,FALSE,FALSE,439.1701,445.3992,440.0243
1324,2022-04-06,442.7806,TRUE,FALSE,FALSE,440.1833,445.3992,440.0243
1325,2022-04-07,445.0117,TRUE,FALSE,FALSE,441.4034,445.3992,440.0243
1326,2022-04-08,443.8218,TRUE,TRUE,FALSE,442.8313,445.3992,440.0243
1327,2022-04-11,436.2359,TRUE,FALSE,FALSE,444.0318,444.4990,440.0243
1328,2022-04-12,434.6195,TRUE,FALSE,FALSE,444.6981,444.4990,440.0243
1329,2022-04-13,439.5975,TRUE,FALSE,FALSE,445.1463,444.4990,440.0243
1330,2022-04-14,434.1237,TRUE,TRUE,FALSE,445.0514,444.4990,440.0243
1331,2022-04-18,434.3022,TRUE,FALSE,FALSE,444.7267,443.2896,440.0243
1332,2022-04-19,441.3130,TRUE,FALSE,FALSE,444.7589,443.2896,440.0243
1333,2022-04-20,440.9857,TRUE,FALSE,FALSE,444.5169,443.2896,440.0243
1334,2022-04-21,434.3914,TRUE,FALSE,FALSE,444.2323,443.2896,440.0243
1335,2022-04-22,422.4721,TRUE,TRUE,FALSE,443.0201,443.2896,440.0243
1336,2022-04-25,424.9214,TRUE,FALSE,FALSE,441.8212,440.5309,440.0243
1337,2022-04-26,412.6154,TRUE,FALSE,FALSE,439.8474,440.5309,440.0243
1338,2022-04-27,413.7755,TRUE,FALSE,FALSE,437.6519,440.5309,440.0243
1339,2022-04-28,424.2273,TRUE,FALSE,FALSE,436.1203,440.5309,440.0243
1340,2022-04-29,408.5497,TRUE,TRUE,TRUE,434.1549,440.5309,440.0243
1341,2022-05-02,411.0089,TRUE,FALSE,FALSE,432.2490,438.1953,437.9121
1342,2022-05-03,412.8930,TRUE,FALSE,FALSE,430.2450,438.1953,437.9121
1343,2022-05-04,425.4668,TRUE,FALSE,FALSE,429.1557,438.1953,437.9121
1344,2022-05-05,410.3445,TRUE,FALSE,FALSE,427.5339,438.1953,437.9121
1345,2022-05-06,407.8952,TRUE,TRUE,FALSE,425.6780,438.1953,437.9121
1346,2022-05-09,394.8355,TRUE,FALSE,FALSE,423.2287,434.8524,437.9121
1347,2022-05-10,395.7478,TRUE,FALSE,FALSE,421.2043,434.8524,437.9121
1348,2022-05-11,389.4609,TRUE,FALSE,FALSE,418.9464,434.8524,437.9121
1349,2022-05-12,389.0543,TRUE,FALSE,FALSE,416.4192,434.8524,437.9121
1350,2022-05-13,398.3558,TRUE,TRUE,FALSE,414.6308,434.8524,437.9121
1351,2022-05-16,396.7394,TRUE,FALSE,FALSE,412.7527,430.6946,437.9121
1352,2022-05-17,404.9005,TRUE,FALSE,FALSE,410.9321,430.6946,437.9121
1353,2022-05-18,388.5783,TRUE,FALSE,FALSE,408.3117,430.6946,437.9121
1354,2022-05-19,386.1984,TRUE,FALSE,FALSE,405.9020,430.6946,437.9121
1355,2022-05-20,386.3670,TRUE,TRUE,FALSE,404.0968,430.6946,437.9121
1356,2022-05-23,393.5960,TRUE,FALSE,FALSE,402.5305,428.2459,437.9121
1357,2022-05-24,390.5913,TRUE,FALSE,FALSE,401.4293,428.2459,437.9121
1358,2022-05-25,394.0422,TRUE,FALSE,FALSE,400.4426,428.2459,437.9121
1359,2022-05-26,401.9157,TRUE,FALSE,FALSE,399.3271,428.2459,437.9121
1360,2022-05-27,411.7824,TRUE,TRUE,FALSE,399.4887,428.2459,437.9121
1361,2022-05-31,409.4719,TRUE,FALSE,TRUE,399.4118,425.6310,437.9121
1362,2022-06-01,406.1599,TRUE,FALSE,FALSE,399.0752,425.6310,431.1419
1363,2022-06-02,413.8946,TRUE,FALSE,FALSE,398.4966,425.6310,431.1419
1364,2022-06-03,407.1019,TRUE,TRUE,FALSE,398.3344,425.6310,431.1419
1365,2022-06-06,408.3415,TRUE,FALSE,FALSE,398.3568,423.3094,431.1419
1366,2022-06-07,412.2584,TRUE,FALSE,FALSE,399.2279,423.3094,431.1419
1367,2022-06-08,407.7762,TRUE,FALSE,FALSE,399.8293,423.3094,431.1419
1368,2022-06-09,398.0781,TRUE,FALSE,FALSE,400.2602,423.3094,431.1419
1369,2022-06-10,386.5356,TRUE,TRUE,FALSE,400.1343,423.3094,431.1419
1370,2022-06-13,371.8595,TRUE,FALSE,FALSE,398.8094,419.6830,431.1419
1371,2022-06-14,370.7390,TRUE,FALSE,FALSE,397.5094,419.6830,431.1419
1372,2022-06-15,376.0244,TRUE,FALSE,FALSE,396.0656,419.6830,431.1419
1373,2022-06-16,363.5795,TRUE,FALSE,FALSE,394.8157,419.6830,431.1419
1374,2022-06-17,364.3633,TRUE,TRUE,FALSE,393.7239,419.6830,431.1419
1375,2022-06-21,373.5356,TRUE,FALSE,FALSE,393.0823,416.9290,431.1419
1376,2022-06-22,372.8584,TRUE,FALSE,FALSE,392.0455,416.9290,431.1419
1377,2022-06-23,376.5133,TRUE,FALSE,FALSE,391.3416,416.9290,431.1419
1378,2022-06-24,388.4842,TRUE,TRUE,FALSE,391.0637,416.9290,431.1419
1379,2022-06-27,387.0003,TRUE,FALSE,FALSE,390.3179,414.1421,431.1419
1380,2022-06-28,379.0927,TRUE,FALSE,FALSE,388.6834,414.1421,431.1419
1381,2022-06-29,378.7840,TRUE,FALSE,FALSE,387.1490,414.1421,431.1419
1382,2022-06-30,375.7067,TRUE,FALSE,TRUE,385.6263,414.1421,431.1419
1383,2022-07-01,379.6803,TRUE,TRUE,FALSE,383.9156,414.1421,429.8981
1384,2022-07-05,380.3974,TRUE,FALSE,FALSE,382.5804,412.0331,429.8981
1385,2022-07-06,381.6821,TRUE,FALSE,FALSE,381.2474,412.0331,429.8981
1386,2022-07-07,387.3986,TRUE,FALSE,FALSE,380.0045,412.0331,429.8981
1387,2022-07-08,387.0800,TRUE,TRUE,FALSE,378.9696,412.0331,429.8981
1388,2022-07-11,382.6581,TRUE,FALSE,FALSE,378.1986,409.5738,429.8981
1389,2022-07-12,379.2720,TRUE,FALSE,FALSE,377.8355,409.5738,429.8981
1390,2022-07-13,377.2802,TRUE,FALSE,FALSE,378.1065,409.5738,429.8981
1391,2022-07-14,376.3640,TRUE,FALSE,FALSE,378.3877,409.5738,429.8981
1392,2022-07-15,383.5544,TRUE,TRUE,FALSE,378.7642,409.5738,429.8981
1393,2022-07-18,380.3875,TRUE,FALSE,FALSE,379.6046,407.8863,429.8981
1394,2022-07-19,390.6652,TRUE,FALSE,FALSE,380.9197,407.8863,429.8981
1395,2022-07-20,393.1550,TRUE,FALSE,FALSE,381.9007,407.8863,429.8981
1396,2022-07-21,397.1585,TRUE,FALSE,FALSE,383.1157,407.8863,429.8981
1397,2022-07-22,393.4737,TRUE,TRUE,FALSE,383.9637,407.8863,429.8981
1398,2022-07-25,393.9517,TRUE,FALSE,FALSE,384.2371,407.6384,429.8981
1399,2022-07-26,389.2909,TRUE,FALSE,FALSE,384.3516,407.6384,429.8981
1400,2022-07-27,399.3994,TRUE,FALSE,FALSE,385.3670,407.6384,429.8981
1401,2022-07-28,404.4088,TRUE,FALSE,FALSE,386.6482,407.6384,429.8981
1402,2022-07-29,410.3045,TRUE,TRUE,TRUE,388.3781,407.6384,429.8981
1403,2022-08-01,409.0895,TRUE,FALSE,FALSE,389.8486,406.1875,424.0140
1404,2022-08-02,406.3906,TRUE,FALSE,FALSE,391.1482,406.1875,424.0140
1405,2022-08-03,412.7545,TRUE,FALSE,FALSE,392.7018,406.1875,424.0140
1406,2022-08-04,412.4756,TRUE,FALSE,FALSE,393.9557,406.1875,424.0140
1407,2022-08-05,411.7785,TRUE,TRUE,FALSE,395.1906,406.1875,424.0140
1408,2022-08-08,411.3004,TRUE,FALSE,FALSE,396.6227,405.0102,424.0140
1409,2022-08-09,409.6672,TRUE,FALSE,FALSE,398.1425,405.0102,424.0140
1410,2022-08-10,418.2718,TRUE,FALSE,FALSE,400.1921,405.0102,424.0140
1411,2022-08-11,418.2718,TRUE,FALSE,FALSE,402.2875,405.0102,424.0140
1412,2022-08-12,425.3527,TRUE,TRUE,FALSE,404.3774,405.0102,424.0140
1413,2022-08-15,427.1055,TRUE,FALSE,FALSE,406.7133,403.5745,424.0140
1414,2022-08-16,427.9421,TRUE,FALSE,FALSE,408.5771,403.5745,424.0140
1415,2022-08-17,424.9046,TRUE,FALSE,FALSE,410.1646,403.5745,424.0140
1416,2022-08-18,426.1395,TRUE,FALSE,FALSE,411.6137,403.5745,424.0140
1417,2022-08-19,420.4130,TRUE,TRUE,FALSE,412.9606,403.5745,424.0140
1418,2022-08-22,411.6590,TRUE,FALSE,FALSE,413.8460,401.5660,424.0140
1419,2022-08-23,410.6631,TRUE,FALSE,FALSE,414.9146,401.5660,424.0140
1420,2022-08-24,411.9777,TRUE,FALSE,FALSE,415.5435,401.5660,424.0140
1421,2022-08-25,417.7938,TRUE,FALSE,FALSE,416.2128,401.5660,424.0140
1422,2022-08-26,403.6519,TRUE,TRUE,FALSE,415.8801,401.5660,424.0140
1423,2022-08-29,400.9828,TRUE,FALSE,FALSE,415.4748,399.3916,424.0140
1424,2022-08-30,396.5809,TRUE,FALSE,FALSE,414.9843,399.3916,424.0140
1425,2022-08-31,393.5633,TRUE,FALSE,TRUE,414.0248,399.3916,424.0140
1426,2022-09-01,394.7982,TRUE,FALSE,FALSE,413.1409,399.3916,414.8551
1427,2022-09-02,390.6353,TRUE,TRUE,FALSE,412.0837,399.3916,414.8551
1428,2022-09-06,389.1614,TRUE,FALSE,FALSE,410.9768,398.5148,414.8551
1429,2022-09-07,396.1527,TRUE,FALSE,FALSE,410.3011,398.5148,414.8551
1430,2022-09-08,398.7420,TRUE,FALSE,FALSE,409.3246,398.5148,414.8551
1431,2022-09-09,404.9366,TRUE,TRUE,FALSE,408.6578,398.5148,414.8551
1432,2022-09-12,409.2887,TRUE,FALSE,FALSE,407.8546,397.3653,414.8551
1433,2022-09-13,391.4918,TRUE,FALSE,FALSE,406.0739,397.3653,414.8551
1434,2022-09-14,392.9857,TRUE,FALSE,FALSE,404.3261,397.3653,414.8551
1435,2022-09-15,388.5240,TRUE,FALSE,FALSE,402.5071,397.3653,414.8551
1436,2022-09-16,385.5600,TRUE,TRUE,FALSE,400.4781,397.3653,414.8551
1437,2022-09-19,388.5500,TRUE,FALSE,FALSE,398.8849,395.3680,414.8551
1438,2022-09-20,384.0900,TRUE,FALSE,FALSE,397.5065,395.3680,414.8551
1439,2022-09-21,377.3900,TRUE,FALSE,FALSE,395.8428,395.3680,414.8551
1440,2022-09-22,374.2200,TRUE,FALSE,FALSE,393.9550,395.3680,414.8551
1441,2022-09-23,367.9500,TRUE,TRUE,FALSE,391.4628,395.3680,414.8551
1442,2022-09-26,364.3100,TRUE,FALSE,FALSE,389.4957,393.3093,414.8551
1443,2022-09-27,363.3800,TRUE,FALSE,FALSE,387.6155,393.3093,414.8551
1444,2022-09-28,370.5300,TRUE,FALSE,FALSE,386.3130,393.3093,414.8551
1445,2022-09-29,362.7900,TRUE,FALSE,FALSE,384.7743,393.3093,414.8551
1446,2022-09-30,357.1800,TRUE,TRUE,TRUE,382.8934,393.3093,414.8551
1447,2022-10-03,366.6100,TRUE,FALSE,FALSE,381.6921,392.1304,404.6127
1448,2022-10-04,377.9700,TRUE,FALSE,FALSE,381.1326,392.1304,404.6127
1449,2022-10-05,377.0900,TRUE,FALSE,FALSE,380.1794,392.1304,404.6127
1450,2022-10-06,373.2000,TRUE,FALSE,FALSE,378.9023,392.1304,404.6127
1451,2022-10-07,362.7900,TRUE,TRUE,FALSE,376.7950,392.1304,404.6127
1452,2022-10-10,360.0200,TRUE,FALSE,FALSE,374.3316,388.3598,404.6127
1453,2022-10-11,357.7400,TRUE,FALSE,FALSE,372.6440,388.3598,404.6127
1454,2022-10-12,356.5600,TRUE,FALSE,FALSE,370.8227,388.3598,404.6127
1455,2022-10-13,365.9700,TRUE,FALSE,FALSE,369.6950,388.3598,404.6127
1456,2022-10-14,357.6300,TRUE,TRUE,FALSE,368.2985,388.3598,404.6127
1457,2022-10-17,367.1000,TRUE,TRUE,TRUE,367.2260,387.4227,404.6127